City,hasc,confirmed,death,recovered
Wuhan,420100,50355,3869,Hubei
Xiaogan,420900,3518,129,Hubei
Huanggang,421100,2907,125,Hubei
Jingzhou,421000,1580,52,Hubei
Ezhou,420700,1394,59,Hubei
Suizhou,421300,1307,45,Hubei
Xiangyang,420600,1175,40,Hubei
Huangshi,420200,1015,39,Hubei
Guangzhou,440100,953,1,Guangdong
Yichang,420500,931,37,Hubei
Jingmen,420800,928,41,Hubei
Urumqi,650100,845,0,Xinjiang
Shijiazhuang,130100,843,1,Hebei
Xianning,421200,836,15,Hubei
Shiyan,420300,672,8,Hubei
Xiantao,429004,575,22,Hubei
Wenzhou,330300,504,1,Zhejiang
Tianmen,429006,496,15,Hubei
Shenzhen,440300,485,3,Guangdong
Chengdu,510100,468,3,Sichuan
Suihua,231200,331,4,Heilongjiang
Harbin,230100,280,4,Heilongjiang
Xinyang,411500,274,2,Henan
Fengtai District,110106,273,0,Beijing
Jining,370800,260,0,Shandong
Enshi Tujia and Miao Autonomous Prefecture,422800,252,7,Hubei
Changsha,430100,242,2,Hunan
Nanchang,360100,230,0,Jiangxi
Qianjiang,429005,198,9,Hubei
Hangzhou,330100,181,0,Zhejiang
Hefei,340100,174,1,Anhui
Dalian,210200,161,0,Liaoning
Bengbu,340300,160,5,Anhui
Ningbo,330200,157,0,Zhejiang
Zhengzhou,410100,157,5,Henan
Fuyang,341200,156,0,Anhui
Yueyang,430600,156,1,Hunan
Nanyang,411300,156,3,Henan
Tonghua,220500,142,0,Jilin
Zhumadian,411700,139,0,Henan
Xinyu,360500,129,0,Jiangxi
Shangrao,361100,123,0,Jiangxi
Xi'an,610100,120,3,Shaanxi
Wanzhou District,500101,118,4,Chongqing
Daxing District,110115,118,0,Beijing
Jiujiang,360400,116,0,Jiangxi
Zhuhai,440400,112,1,Guangdong
Foshan,440600,109,0,Guangdong
Bozhou,341600,108,0,Anhui
Shaoyang,430500,102,1,Hunan
Dongguan,441900,101,1,Guangdong
Changchun,220100,96,0,Jilin
Nanjing,320100,93,0,Jiangsu
Shangqiu,411400,91,3,Henan
Suzhou,320500,87,0,Jiangsu
Xingtai,130500,85,1,Hebei
Anqing,340800,83,0,Anhui
Haidian District,110108,82,0,Beijing
Changde,430700,82,0,Hunan
Qingdao,370200,80,1,Shandong
Zhuzhou,430200,80,0,Hunan
Xuzhou,320300,79,0,Jiangsu
Chaoyang District,110105,78,0,Beijing
Garzê Tibetan Autonomous Prefecture,513300,78,0,Sichuan
Zhoukou,411600,76,1,Henan
Loudi,431300,76,0,Hunan
Ganzhou,360700,74,1,Jiangxi
Fuzhou,361000,72,0,Jiangxi
Shenyang,210100,70,0,Liaoning
Lu'an,341500,69,0,Anhui
Zhongshan,442000,69,0,Guangdong
Pudong District,310115,68,1,Shanghai
Huainan,320800,66,0,Jiangsu
Huizhou,441300,63,0,Guangdong
Jilin,220200,60,1,Jilin
Yiyang,430900,60,0,Hunan
Baodi District,120115,60,2,Tianjin
Xicheng District,110102,59,0,Beijing
Tangshan,130200,58,1,Hebei
Pingdingshan,410400,58,1,Henan
Xinxiang,410700,57,3,Henan
Sanya,460200,57,1,Hainan
Putian,350300,56,0,Fujian
Nanning,450100,56,0,Guangxi
Jinhua,330700,55,0,Zhejiang
Wuxi,320200,55,0,Jiangsu
Kunming,530100,53,0,Yunnan
Anyang,410500,53,0,Henan
Shuangyashan,230500,52,3,Heilongjiang
Changzhou,320400,51,0,Jiangsu
Cangzhou,130900,49,3,Hebei
Linyi,371300,49,0,Shandong
Baoding,130600,48,0,Hebei
Lianyungang,320700,48,0,Jiangsu
Hengyang,430400,48,0,Hunan
Yantai,370600,47,0,Shandong
Quanzhou,350500,47,0,Fujian
Jinan,370100,47,0,Shandong
Jiaxing,330400,46,0,Zhejiang
Jixi,230300,46,0,Heilongjiang
Shunyi District,110113,45,0,Beijing
Beihai,450500,44,1,Guangxi
Qiqihar,230200,44,1,Heilongjiang
Yongzhou,431100,44,0,Hunan
Weifang,370700,44,0,Shandong
Zhangjiakou,130700,43,0,Hebei
Dazhou,511700,42,0,Sichuan
Shaoxing,330600,42,0,Zhejiang
Jinzhong,140700,41,0,Shanxi
Nantong,320600,40,0,Jiangsu
Huaihua,431200,40,0,Hunan
Chenzhou,431000,39,0,Hunan
Nanchong,511300,39,0,Sichuan
Haikou,460100,39,0,Hainan
Xuchang,411000,39,1,Henan
Ma'anshan,340500,38,0,Anhui
Liaocheng,371500,38,0,Shandong
Weihai,371000,38,1,Shandong
Dezhou,371400,37,2,Shandong
Hulunbuir,150700,37,0,Neimenggu
Taizhou,321200,37,0,Jiangsu
Mudanjiang,231000,36,0,Heilongjiang
Luohe,411100,36,0,Henan
Guiyang,520100,36,1,Guizhou
Lanzhou,620100,36,2,Gansu
Xiangtan,430300,36,0,Hunan
Yinchuan,640100,36,0,Ningxia
Xiamen,350200,35,0,Fujian
Tai'an,370900,35,2,Shandong
Wuhu,340200,34,0,Anhui
Langfang,131000,33,0,Hebei
Pingxiang,360300,33,0,Jiangxi
Jiaozuo,410800,32,1,Henan
Handan,130400,32,0,Hebei
Zunyi,520300,32,0,Guizhou
Guilin,450300,32,0,Guangxi
Luoyang,410300,31,1,Henan
Zhanjiang,440800,30,0,Guangdong
Changping District,110114,30,0,Beijing
Guang'an,511600,30,0,Sichuan
Zibo,370300,30,1,Shandong
Tongling,340700,29,0,Anhui
Daqing,230600,29,1,Heilongjiang
Wuzhong,640300,28,0,Ningxia
Hechi,451200,28,1,Guangxi
Jiangbei District,500105,28,0,Chongqing
Huaibei,340600,27,0,Anhui
Yancheng,320900,27,0,Jiangsu
Ankang,610900,26,0,Shaanxi
Hanzhong,610700,26,0,Shaanxi
Shantou,440500,26,0,Guangdong
Kaifeng,410200,26,0,Henan
Ningde,350900,26,0,Fujian
Jiangmen,440700,25,0,Guangdong
Yunyang County,500154,25,0,Chongqing
Zhaotong,530600,25,0,Yunnan
Zaozhuang,370400,24,0,Shandong
Bazhong,511900,24,0,Sichuan
Liuzhou,450200,24,0,Guangxi
Luzhou,510500,24,0,Sichuan
Heihe,231100,24,0,Heilongjiang
Bijie,520500,23,0,Guizhou
Yangzhou,321000,23,0,Jiangsu
Zhaoqing,441200,23,1,Guangdong
Qijiang District,500110,23,0,Chongqing
Hechuan District,500117,23,0,Chongqing
Changshou District,500115,22,0,Chongqing
Baoshan District,310113,22,1,Shanghai
Neijiang,511000,22,0,Sichuan
Ji'an,360800,22,0,Jiangxi
Mianyang,510700,22,0,Sichuan
Fengjie County,500236,22,0,Chongqing
Jiulongpo District,500107,21,1,Chongqing
Zhong County,500233,21,0,Chongqing
Taiyuan,140100,21,0,Shanxi
Zhangzhou,350600,20,0,Fujian
Dianjiang County,500231,20,0,Chongqing
Fangshan District,110111,20,0,Beijing
Yuzhong District,500103,20,0,Chongqing
Tongzhou District,110112,20,0,Beijing
Nanping,350700,20,0,Fujian
Minhang District,310112,19,0,Shanghai
Yuncheng,140800,19,0,Shanxi
Fangchenggang,450600,19,0,Guangxi
Hebi,410600,19,0,Henan
Dongcheng District,110101,19,0,Beijing
Yili,654000,18,0,Xinjiang
Xuhui District,310104,18,1,Shanghai
Tongnan District,500152,18,0,Chongqing
Yingtan,360600,18,0,Jiangxi
Heze,371700,18,0,Shandong
Deyang,510600,18,0,Sichuan
Lishui,331100,17,0,Zhejiang
Yubei District,500112,17,0,Chongqing
Chizhou,341700,17,0,Anhui
Suining,510900,17,0,Sichuan
Puyang,410900,17,0,Henan
Qitaihe,230900,17,0,Heilongjiang
Meizhou,441400,17,0,Guangdong
,220300,17,1,Jilin
Xianyang,610400,17,0,Shaanxi
Maoming,440900,17,0,Guangdong
Rizhao,371100,16,0,Shandong
Yangjiang,441700,16,0,Guangdong
Jing'an District,310106,16,1,Shanghai
Weinan,610500,16,0,Shaanxi
Panzhihua,510400,16,0,Sichuan
Xining,630100,15,0,Qinghai
Shijingshan District,433100,15,0,Beijing
Shizhu Tujia Autonomous County,500240,15,0,Chongqing
Hedong District,120102,15,1,Tianjin
Binzhou,371600,15,0,Shandong
Jiamusi,230800,15,0,Heilongjiang
Nan'an District,500108,15,0,Chongqing
Xishuangbanna,532800,15,1,Yunnan
Danzhou,460400,15,1,Hainan
Liangshan Yi Autonomous Prefecture,513400,14,0,Sichuan
Wuxi County,500238,14,0,Chongqing
Songjiang District,310117,14,0,Shanghai
Dazu District,500111,14,0,Chongqing
Quzhou,330800,14,0,Zhejiang
Yuxi,530400,14,1,Yunnan
Sanming,350400,14,0,Fujian
Binhai New Area,120116,13,0,Tianjin
Baoji,610300,13,0,Shaanxi
Changning District,310105,13,0,Shanghai
Chuzhou,341100,13,0,Anhui
Qingyuan,441800,13,0,Guangdong
Dali,532900,13,0,Yunnan
Qujing,530300,13,0,Yunnan
Suqian,321300,13,0,Jiangsu
Jinzhou,210700,12,0,Liaoning
Huludao,211400,12,1,Liaoning
Datong,140200,12,0,Shanxi
Yibin,511500,12,0,Sichuan
Zhenjiang,321100,12,0,Jiangsu
Huangpu District,310101,12,0,Shanghai
Hebei District,120105,12,0,Tianjin
Tianshui,620500,12,0,Gansu
Shennongjia,429021,11,0,Hubei
Ordos,150600,11,0,Neimenggu
Laibin,451300,11,0,Guangxi
Putuo District,310107,11,0,Shanghai
Dandong,210600,11,0,Liaoning
Baotou,150200,11,0,Neimenggu
Jieyang,445200,11,0,Guangdong
Panjin,211100,11,0,Liaoning
Shaoguan,440200,10,1,Guangdong
Tongliang District,500151,10,0,Chongqing
Fengdu County,500230,10,0,Chongqing
Jincheng,140500,10,0,Shanxi
Zhoushan,330900,10,0,Zhejiang
Wushan County,500237,10,0,Chongqing
Liupanshui,520200,10,1,Guizhou
Huzhou,330500,10,0,Zhejiang
Tongren,520600,10,0,Guizhou
Qinhuangdao,130300,10,1,Hebei
Chifeng,150400,9,0,Neimenggu
Baoshan,530500,9,0,Yunnan
Linguolexi,152500,9,0,Neimenggu
Dingxi,621100,9,0,Gansu
Pingliang,620800,9,0,Gansu
Honghe,532500,9,0,Yunnan
Rongchang District,500153,9,0,Chongqing
Huangshan,341000,9,0,Anhui
Fengxian District,310120,9,0,Shanghai
Shapingba District,500106,9,0,Chongqing
Zigong,510300,9,0,Sichuan
Chengmai County,469023,9,1,Hainan
Bishan District,500120,9,0,Chongqing
Jiading District,310114,9,2,Shanghai
Yangpu District,310110,9,0,Shanghai
Yan'an,610600,8,0,Shaanxi
Changzhi,140400,8,0,Shanxi
Hengshui,131100,8,0,Hebei
Huairou District,110116,8,0,Beijing
Guigang,450800,8,0,Guangxi
Fuxin,210900,8,0,Liaoning
Shuozhou,140600,8,0,Shanxi
Tongchuan,610200,8,0,Shaanxi
Meishan,511400,8,0,Sichuan
Qinzhou,450700,8,0,Guangxi
Ya'an,511800,8,0,Sichuan
Bayannur,150800,8,1,Neimenggu
Gannan,623000,8,0,Gansu
Tieling,211200,8,0,Liaoning
Sanmenxia,411200,7,1,Henan
Hongkou District,310109,7,0,Shanghai
Lijiang,530700,7,0,Yunnan
Chaozhou,445100,7,0,Guangdong
Liaoyuan,220400,7,0,Jilin
Yanbian,222400,7,0,Jilin
Dadukou District,500104,7,0,Chongqing
Changjiang Li Autonomous County,469026,7,0,Hainan
Xinzhou,140900,7,0,Shanxi
Hohhot,150100,7,0,Neimenggu
Miyun District,110118,7,0,Beijing
Shangluo,611000,7,0,Shaanxi
Chengde,130800,7,0,Hebei
Tongliao,150500,7,0,Neimenggu
Beichen District,120113,7,0,Tianjin
Qionghai,469002,6,1,Hainan
Gongzhuling,220381,6,0,Jilin
Nankai District,120104,6,0,Tianjin
Lingao County,469024,6,0,Hainan
Chaoyang,211300,6,1,Liaoning
Jingdezhen,360200,6,0,Jiangxi
Shanwei,441500,6,0,Guangdong
Longyan,350800,6,0,Fujian
Lüliang,141100,6,0,Shanxi
Qingpu District,310118,6,0,Shanghai
Guangyuan,510800,6,0,Sichuan
Banan District,500113,6,0,Chongqing
Xuancheng,341800,6,0,Anhui
Heping District,120101,6,0,Tianjin
Guyuan,640400,5,0,Ningxia
Fuling District,500102,5,0,Chongqing
Changji,652300,5,0,Xinjiang
Wuzhou,450400,5,0,Guangxi
Hegang,230400,5,0,Heilongjiang
Dehong,533100,5,0,Yunnan
Yongchuan District,500118,5,0,Chongqing
Heyuan,441600,5,0,Guangdong
Zhangjiajie,430800,5,0,Hunan
Jiyuan,419001,5,0,Henan
Mentougou District,110109,5,0,Beijing
Hexi District,120103,4,0,Tianjin
Liangping District,500155,4,0,Chongqing
Chongming District,310151,4,0,Shanghai
Jinshan District,310116,4,0,Shanghai
Songyuan,220700,4,0,Jilin
Jiangjin District,500116,4,0,Chongqing
Pu'er,530800,4,0,Yunnan
Zhongwei,640500,4,0,Ningxia
Chuxiong,532300,4,0,Yunnan
Dongli District,120110,4,0,Tianjin
Ninghe District,120117,4,0,Tianjin
Ziyang,512000,4,0,Sichuan
Hezhou,451100,4,0,Guangxi
Yangquan,140300,4,0,Shanxi
Baiyin,620400,4,0,Gansu
Xiqing District,120111,4,0,Tianjin
Anshun,520400,4,0,Guizhou
Anshan,210300,4,0,Liaoning
Longnan,621200,4,0,Gansu
Lingshui Li Autonomous County,469028,4,0,Hainan
Tacheng,654200,4,0,Xinjiang
Ulanqab,150900,3,0,Neimenggu
Haibei,632200,3,0,Qinghai
,650400,3,0,Xinjiang
Baoting Li and Miao Autonomous County,469029,3,0,Hainan
Leshan,511100,3,0,Sichuan
Liaoyang,211000,3,0,Liaoning
Daxinganling,232700,3,0,Heilongjiang
Qingyang,621000,3,0,Gansu
Linxia,622900,3,0,Gansu
Benxi,210500,3,0,Liaoning
Wenchang,469005,3,0,Hainan
Baise,451000,3,0,Guangxi
Yulin,610800,3,0,Shaanxi
Dongfang,469007,3,1,Hainan
Ding'an County,469021,3,1,Hainan
Pengshui Miao and Tujia Autonomous County,500243,2,0,Chongqing
Chengkou County,500229,2,0,Chongqing
Qianjiang Tujia and Miao Autonomous County,500114,2,0,Chongqing
Ledong Li Autonomous County,469027,2,0,Hainan
Wuqing District,120114,2,0,Tianjin
Wuhai,150300,2,0,Neimenggu
Jinnan District,120112,2,0,Tianjin
Hongqiao District,120106,2,0,Tianjin
Zhangye,620700,2,0,Gansu
Wenshan,532600,2,0,Yunnan
Meihekou,220581,2,0,Jilin
Linfen,141000,2,0,Shanxi
Youyang Tujia and Miao Autonomous County,500242,1,0,Chongqing
Fushun,210400,1,0,Liaoning
Xinganmeng,152200,1,0,Neimenggu
Baicheng,220800,1,0,Jilin
Akesu,652900,1,0,Xinjiang
Qiongzhong Li and Miao Autonomous County,469030,1,0,Hainan
Hancheng,610581,1,0,Shaanxi
Yingkou,210800,1,0,Liaoning
Yanqing District,110119,1,0,Beijing
Yichun,230700,1,0,Heilongjiang
Lincang,530900,1,0,Yunnan
Ngawa Tibetan and Qiang Autonomous Prefecture,513200,1,0,Sichuan
Xiushan Tujia and Miao Autonomous County,500241,1,0,Chongqing
Jinchang,620300,1,0,Gansu
Wulong District,500156,1,0,Chongqing
Shizuishan,640200,1,0,Ningxia
Lhasa,540100,1,0,Xizang
