City,hasc,confirmed,death,recovered
Wuhan,420100,13603,545,747
Xiaogan,420900,2313,26,42
Huanggang,421100,2041,36,105
Suizhou,421300,953,9,23
Jingzhou,421000,941,11,31
Xiangyang,420600,907,5,34
Huangshi,420200,703,2,48
Yichang,420500,633,8,25
Jingmen,420800,588,18,36
Ezhou,420700,569,20,33
Xianning,421200,476,2,16
Shiyan,420300,438,0,40
Wenzhou,330300,438,0,70
Xiantao,429004,359,5,14
Shenzhen,440300,354,0,39
Guangzhou,440100,301,0,27
Changsha,430100,196,0,27
Xinyang,411500,192,0,24
Tianmen,429006,179,10,1
Nanchang,360100,168,0,20
Hangzhou,330100,162,0,22
Enshi Tujia and Miao Autonomous Prefecture,422800,160,0,20
Ningbo,330200,141,0,12
Nanyang,411300,128,2,16
Hefei,340100,128,0,11
Zhengzhou,410100,120,0,28
Fuyang,341200,113,0,11
Zhumadian,411700,113,0,5
Yueyang,430600,111,1,10
Chengdu,510100,109,1,33
Harbin,230100,100,0,9
Bengbu,340300,99,0,1
Jiujiang,360400,97,0,5
Xinyu,360500,95,0,8
Shangrao,361100,92,0,5
Xi'an,610100,88,0,10
Shaoyang,430500,86,0,18
Zhuhai,440400,83,0,4
Bozhou,341600,81,0,5
Qianjiang,429005,80,2,1
Wanzhou District,500101,78,1,6
Shangqiu,411400,76,0,5
Suzhou,320500,72,0,4
Anqing,340800,71,0,6
Changde,430700,66,0,15
Nanjing,320100,65,0,20
Foshan,440600,64,0,4
Ganzhou,360700,64,0,2
Zhoukou,411600,62,0,10
Loudi,431300,59,0,8
Fuzhou,361000,59,0,7
Dongguan,441900,56,0,1
Pudong District,310115,53,0,8
Chaoyang District,110105,53,0,0
Xuzhou,320300,52,0,3
Jinhua,330700,52,0,13
Lu'an,341500,51,0,2
Haidian District,110108,49,0,0
Zhuzhou,430200,48,0,8
Pingdingshan,410400,48,1,6
Putian,350300,47,0,1
Huizhou,441300,47,0,1
Zhongshan,442000,46,0,11
Qingdao,370200,46,0,7
Yiyang,430900,44,0,10
Suihua,231200,44,2,1
Xinxiang,410700,43,0,5
Hengyang,430400,43,0,13
Anyang,410500,43,0,3
Jinan,370100,42,0,3
Kunming,530100,41,0,6
Yongzhou,431100,40,0,10
Quanzhou,350500,40,0,4
Linyi,371300,40,0,3
Huainan,320800,40,0,2
Huaihua,431200,38,0,14
Jining,370800,38,0,8
Xicheng District,110102,37,0,0
Jiaxing,330400,37,0,1
Sanya,460200,37,1,9
Shuangyashan,230500,36,2,1
Shaoxing,330600,36,0,5
Yantai,370600,35,0,2
Wuxi,320200,34,0,4
Daxing District,110115,34,0,2
Lanzhou,620100,33,1,5
Weihai,371000,33,0,5
Changchun,220100,32,0,1
Nanning,450100,32,0,0
Beihai,450500,32,0,2
Chenzhou,431000,31,0,8
Nanchong,511300,31,0,2
Ma'anshan,340500,31,0,2
Weifang,370700,31,0,0
Jixi,230300,31,0,0
Changzhou,320400,31,0,5
Nantong,320600,31,0,2
Jinzhong,140700,30,0,5
Xuchang,411000,30,0,2
Taizhou,321200,30,0,3
Wuhu,340200,29,0,3
Dezhou,371400,29,0,4
Luohe,411100,29,0,4
Guilin,450300,29,0,5
Yinchuan,640100,29,0,5
Baodi District,120115,29,1,0
Guang'an,511600,28,0,3
Xiangtan,430300,28,0,10
Cangzhou,130900,28,1,6
Lianyungang,320700,27,0,2
Liaocheng,371500,27,0,1
Qiqihar,230200,27,0,0
Shenyang,210100,26,0,3
Fengtai District,110106,26,0,0
Handan,130400,26,0,2
Xiamen,350200,25,0,2
Luoyang,410300,25,0,2
Shantou,440500,25,0,3
Dazhou,511700,25,0,5
Shijiazhuang,130100,24,0,3
Pingxiang,360300,24,0,1
Haikou,460100,23,0,4
Tangshan,130200,23,0,2
Tongling,340700,23,0,7
Huaibei,340600,22,0,1
Kaifeng,410200,21,0,1
Bazhong,511900,21,0,1
Xingtai,130500,21,0,4
Ningde,350900,21,0,4
Ankang,610900,21,0,1
Bijie,520500,21,0,0
Hanzhong,610700,21,0,0
Jiaozuo,410800,20,0,1
Liuzhou,450200,20,0,3
Yuzhong District,500103,20,0,1
Jiangbei District,500105,20,0,1
Zhanjiang,440800,20,0,6
Yunyang County,500154,20,0,7
Zaozhuang,370400,20,0,0
Tai'an,370900,20,0,1
Mianyang,510700,20,0,3
Langfang,131000,20,0,4
Jiulongpo District,500107,19,1,1
Urumqi,650100,19,0,0
Guiyang,520100,18,0,1
Dianjiang County,500231,18,0,1
Baoding,130600,18,0,8
Yangzhou,321000,17,0,2
Yancheng,320900,17,0,3
Lishui,331100,17,0,5
Yuncheng,140800,17,0,4
Ji'an,360800,17,0,1
Baoshan District,310113,17,0,0
Garzê Tibetan Autonomous Prefecture,513300,17,0,0
Neijiang,511000,17,0,2
Changping District,110114,17,0,0
Fangchenggang,450600,16,0,1
Dalian,210200,16,0,3
Xianyang,610400,16,0,2
Zhangzhou,350600,16,0,1
Hechuan District,500117,16,0,1
Xuhui District,310104,16,0,1
Zhong County,500233,16,0,2
Quzhou,330800,15,0,3
Xishuangbanna,532800,15,0,2
Rizhao,371100,15,0,2
Zibo,370300,15,0,1
Qijiang District,500110,15,0,0
Zunyi,520300,15,0,1
Jing'an District,310106,15,0,3
Hechi,451200,15,0,0
Jiangmen,440700,15,0,1
Tongzhou District,110112,15,0,0
Xining,630100,15,0,3
Heze,371700,14,0,3
Fengjie County,500236,14,0,1
Zhaoqing,441200,14,1,1
Nanping,350700,14,0,1
Yuxi,530400,14,0,2
Minhang District,310112,14,0,2
Zhangjiakou,130700,14,0,1
Songjiang District,310117,14,0,0
Fangshan District,110111,14,0,0
Luzhou,510500,13,0,2
Shijingshan District,433100,13,0,0
Deyang,510600,13,0,0
Mudanjiang,231000,13,0,1
Daqing,230600,13,1,0
Jiamusi,230800,13,0,1
Tongnan District,500152,13,0,0
Hebi,410600,13,0,0
Yangjiang,441700,13,0,1
Meizhou,441400,13,0,4
Changshou District,500115,12,0,2
Baoji,610300,12,0,2
Taiyuan,140100,12,0,1
Tianshui,620500,12,0,1
Yubei District,500112,12,0,2
Suqian,321300,12,0,0
Panzhihua,510400,12,0,3
Shizhu Tujia Autonomous County,500240,12,0,0
Sanming,350400,12,0,1
Chuzhou,341100,11,0,2
Yingtan,360600,11,0,0
Qujing,530300,11,0,1
Chizhou,341700,11,0,1
Dali,532900,11,0,2
Zhenjiang,321100,11,0,1
Changning District,310105,11,0,1
Qitaihe,230900,11,0,0
Wuxi County,500238,11,0,1
Binzhou,371600,11,0,4
Danzhou,460400,11,0,0
Panjin,211100,11,0,0
Ordos,150600,11,0,2
Baotou,150200,10,0,0
Shennongjia,429021,10,0,2
Dazu District,500111,10,0,0
Hebei District,120105,10,0,0
Siping,220300,10,1,0
Hedong District,120102,10,0,1
Zhaotong,530600,10,0,1
Qingyuan,441800,10,0,3
Datong,140200,10,0,3
Jinzhou,210700,10,0,1
Huzhou,330500,10,0,1
Fengxian District,310120,9,0,1
Fengdu County,500230,9,0,1
Yibin,511500,9,0,0
Shunyi District,110113,9,0,0
Baoshan,530500,9,0,0
Zigong,510300,9,0,2
Wuzhong,640300,9,0,0
Liupanshui,520200,9,1,0
Huangshan,341000,9,0,1
Liangshan Yi Autonomous Prefecture,513400,9,0,0
Huludao,211400,9,0,0
Weinan,610500,9,0,0
Yili,654000,9,0,0
Maoming,440900,8,0,1
Jincheng,140500,8,0,2
Tongchuan,610200,8,0,4
Dongcheng District,110101,8,0,0
Rongchang District,500153,8,0,0
Yan'an,610600,8,0,0
Nan'an District,500108,8,0,0
Bishan District,500120,8,0,0
Qinzhou,450700,8,0,0
Dingxi,621100,8,0,1
Wushan County,500237,8,0,4
Zhoushan,330900,7,0,5
Hohhot,150100,7,0,0
Qinhuangdao,130300,7,0,0
Chengmai County,469023,7,1,0
Chengde,130800,7,0,0
Jieyang,445200,7,0,1
Hongkou District,310109,7,0,1
Dandong,210600,7,0,1
Sanmenxia,411200,7,0,3
Dadukou District,500104,7,0,1
Yangpu District,310110,7,0,0
Guigang,450800,7,0,0
Putuo District,310107,7,0,0
Huairou District,110116,7,0,0
Fuxin,210900,7,0,0
Shangluo,611000,7,0,1
Lijiang,530700,7,0,1
Puyang,410900,7,0,0
Tongliang District,500151,7,0,0
Hengshui,131100,7,0,0
Gannan,623000,6,0,0
Ya'an,511800,6,0,1
Suining,510900,6,0,2
Qionghai,469002,6,0,0
Gongzhuling,220381,6,0,1
Chaoyang,211300,6,0,0
Jiading District,310114,6,0,1
Meishan,511400,6,0,1
Guangyuan,510800,6,0,0
Liaoyuan,220400,6,0,0
Lüliang,141100,6,0,3
Heping District,120101,6,0,0
Xinzhou,140900,6,0,0
Tongren,520600,6,0,2
Shaoguan,440200,6,0,1
Chaozhou,445100,5,0,0
Qingpu District,310118,5,0,2
Huangpu District,310101,5,0,1
Shanwei,441500,5,0,1
Hulunbuir,150700,5,0,1
Changzhi,140400,5,0,0
Honghe,532500,5,0,1
Changjiang Li Autonomous County,469026,5,0,0
Jilin,220200,5,0,2
Zhangjiajie,430800,5,0,2
Xuancheng,341800,5,0,2
Yanbian,222400,5,0,0
Lingao County,469024,5,0,0
Longyan,350800,5,0,0
Dehong,533100,5,0,0
Wuzhou,450400,5,0,2
Bayannur,150800,4,0,0
Pingliang,620800,4,0,0
Miyun District,110118,4,0,0
Anshun,520400,4,0,0
Jingdezhen,360200,4,0,1
Tacheng,654200,4,0,0
Longnan,621200,4,0,0
Hexi District,120103,4,0,0
Baiyin,620400,4,0,0
Xiqing District,120111,4,0,0
Chuxiong,532300,4,0,0
Ninghe District,120117,4,0,0
Dongli District,120110,4,0,0
Pu'er,530800,4,0,0
Shuozhou,140600,4,0,1
Yangquan,140300,4,0,0
Lingshui Li Autonomous County,469028,4,0,0
Chifeng,150400,4,0,1
Jiangjin District,500116,4,0,1
Liangping District,500155,4,0,1
Jiyuan,419001,4,0,0
Hezhou,451100,4,0,0
Wenchang,469005,3,0,0
Tongliao,150500,3,0,0
Laibin,451300,3,0,0
Leshan,511100,3,0,0
Ulanqab,150900,3,0,0
Ziyang,512000,3,0,0
Banan District,500113,3,0,0
Hegang,230400,3,0,0
Nankai District,120104,3,0,0
Linxia,622900,3,0,2
Haibei,632200,3,0,0
Fuling District,500102,3,0,0
Yongchuan District,500118,3,0,1
Binhai New Area,120116,3,0,0
Mentougou District,110109,3,0,0
Heyuan,441600,3,0,0
Tieling,211200,3,0,0
Ding'an County,469021,3,0,0
Benxi,210500,3,0,0
Dongfang,469007,3,0,0
Zhongwei,640500,3,0,0
Liaoyang,211000,3,0,0
Anshan,210300,3,0,0
Yulin,610800,3,0,0
Baise,451000,3,0,0
Chongming District,310151,2,0,0
Hongqiao District,120106,2,0,1
Chengkou County,500229,2,0,1
Guyuan,640400,2,0,0
Songyuan,220700,2,0,0
Qianjiang Tujia and Miao Autonomous County,500114,2,0,0
Jinshan District,310116,2,0,0
Shapingba District,500106,2,0,0
Linfen,141000,2,0,1
Pengshui Miao and Tujia Autonomous County,500243,2,0,0
Tonghua,220500,2,0,0
Changji,652300,2,0,0
Qingyang,621000,2,0,0
Baoting Li and Miao Autonomous County,469029,2,0,0
Zhangye,620700,2,0,0
Heihe,231100,2,0,0
Linguolexi,152500,2,0,1
Wuhai,150300,2,0,0
Daxinganling,232700,2,0,0
Ngawa Tibetan and Qiang Autonomous Prefecture,513200,1,0,0
Qiongzhong Li and Miao Autonomous County,469030,1,0,0
Hancheng,610581,1,0,0
Shizuishan,640200,1,0,0
Yingkou,210800,1,0,0
Yanqing District,110119,1,0,0
Youyang Tujia and Miao Autonomous County,500242,1,0,0
Baicheng,220800,1,0,0
Xinganmeng,152200,1,0,0
Wenshan,532600,1,0,0
Wulong District,500156,1,0,0
Jinchang,620300,1,0,0
Wuqing District,120114,1,0,0
Beichen District,120113,1,0,0
Jinnan District,120112,1,0,0
Lincang,530900,1,0,0
Turpan,650400,1,0,0
Akesu,652900,1,0,0
Ledong Li Autonomous County,469027,1,0,0
Xiushan Tujia and Miao Autonomous County,500241,1,0,1
Lhasa,540100,1,0,0
