City,hasc,confirmed,death,recovered
Wuhan,420100,8351,362,374
Huanggang,421100,1645,25,52
Xiaogan,420900,1462,18,6
Xiangyang,420600,735,2,7
Jingzhou,421000,713,9,12
Suizhou,421300,706,8,9
Huangshi,420200,509,2,23
Yichang,420500,496,4,9
Jingmen,420800,422,16,16
Xianning,421200,384,0,2
Ezhou,420700,382,18,6
Wenzhou,330300,364,0,28
Shiyan,420300,318,0,9
Shenzhen,440300,291,0,16
Guangzhou,440100,249,0,12
Xiantao,429004,225,4,0
Changsha,430100,164,0,8
Hangzhou,330100,141,0,14
Xinyang,411500,138,0,6
Enshi Tujia and Miao Autonomous Prefecture,422800,138,0,10
Nanchang,360100,134,0,7
Tianmen,429006,128,10,0
Ningbo,330200,120,0,4
Nanyang,411300,107,2,2
Hefei,340100,93,0,5
Zhengzhou,410100,92,0,13
Chengdu,510100,92,1,17
Yueyang,430600,89,0,2
Jiujiang,360400,86,0,3
Fuyang,341200,84,0,3
Zhumadian,411700,82,0,2
Harbin,230100,73,0,6
Zhuhai,440400,72,0,4
Xi'an,610100,70,0,5
Shangrao,361100,69,0,5
Xinyu,360500,69,0,4
Shaoyang,430500,68,0,2
Wanzhou District,500101,67,1,2
Shangqiu,411400,61,0,3
Bozhou,341600,58,0,2
Anqing,340800,56,0,3
Zhoukou,411600,56,0,1
Changde,430700,56,0,3
Suzhou,320500,55,0,4
Qianjiang,429005,54,1,0
Foshan,440600,50,0,1
Bengbu,340300,48,0,0
Ganzhou,360700,48,0,1
Nanjing,320100,47,0,10
Pudong District,310115,46,0,0
Xuzhou,320300,45,0,1
Haidian District,110108,45,0,0
Loudi,431300,45,0,3
Fuzhou,361000,44,0,1
Jinhua,330700,44,0,8
Dongguan,441900,44,0,1
Chaoyang District,110105,43,0,0
Yiyang,430900,40,0,6
Xinxiang,410700,39,0,2
Hengyang,430400,39,0,5
Zhuzhou,430200,38,0,2
Putian,350300,38,0,1
Quanzhou,350500,37,0,4
Zhongshan,442000,36,0,3
Kunming,530100,35,0,0
Qingdao,370200,35,0,3
Anyang,410500,35,0,1
Huaihua,431200,35,0,6
Lu'an,341500,34,0,1
Pingdingshan,410400,34,0,0
Huizhou,441300,34,0,1
Ma'anshan,340500,30,0,1
Yongzhou,431100,30,0,8
Linyi,371300,30,0,1
Shaoxing,330600,30,0,3
Lanzhou,620100,30,0,3
Daxing District,110115,29,0,2
Jinan,370100,29,0,0
Xicheng District,110102,29,0,0
Beihai,450500,29,0,2
Changchun,220100,28,0,1
Nanning,450100,28,0,0
Nanchong,511300,28,0,1
Weihai,371000,27,0,2
Jiaxing,330400,27,0,0
Yantai,370600,27,0,0
Wuxi,320200,26,0,1
Taizhou,321200,26,0,1
Huainan,320800,26,0,1
Guilin,450300,26,0,4
Nantong,320600,25,0,0
Jining,370800,25,0,3
Suihua,231200,24,2,0
Chenzhou,431000,24,0,2
Luohe,411100,24,0,1
Xuchang,411000,24,0,0
Dezhou,371400,24,0,1
Guang'an,511600,24,0,1
Changzhou,320400,24,0,2
Shenyang,210100,23,0,1
Wuhu,340200,23,0,2
Xiangtan,430300,23,0,4
Sanya,460200,22,0,5
Pingxiang,360300,22,0,1
Jinzhong,140700,21,0,2
Shijiazhuang,130100,21,0,1
Xiamen,350200,21,0,1
Qiqihar,230200,20,0,0
Cangzhou,130900,20,1,0
Shantou,440500,20,0,3
Fengtai District,110106,20,0,0
Yinchuan,640100,20,0,1
Lianyungang,320700,20,0,1
Jiulongpo District,500107,19,1,0
Ankang,610900,19,0,1
Hanzhong,610700,19,0,0
Tongling,340700,19,0,1
Zhanjiang,440800,18,0,4
Yunyang County,500154,18,0,2
Zaozhuang,370400,17,0,0
Mianyang,510700,17,0,2
Luoyang,410300,17,0,1
Liuzhou,450200,17,0,3
Kaifeng,410200,17,0,1
Dazhou,511700,17,0,1
Yuncheng,140800,17,0,1
Baoding,130600,17,0,4
Shuangyashan,230500,16,0,1
Yuzhong District,500103,16,0,0
Xingtai,130500,16,0,0
Lishui,331100,16,0,1
Haikou,460100,16,0,0
Jiangbei District,500105,16,0,0
Weifang,370700,16,0,0
Changping District,110114,15,0,0
Baodi District,120115,15,1,0
Zhangzhou,350600,15,0,0
Dianjiang County,500231,15,0,1
Yancheng,320900,15,0,2
Xishuangbanna,532800,15,0,1
Xianyang,610400,15,0,0
Yangzhou,321000,15,0,0
Zhong County,500233,15,0,1
Bazhong,511900,15,0,0
Jiaozuo,410800,15,0,1
Quzhou,330800,15,0,2
Neijiang,511000,15,0,0
Ji'an,360800,15,0,1
Dalian,210200,14,0,3
Tai'an,370900,14,0,1
Handan,130400,14,0,0
Ningde,350900,14,0,1
Huaibei,340600,14,0,0
Zibo,370300,14,0,0
Xining,630100,14,0,3
Rizhao,371100,14,0,0
Zhaoqing,441200,13,0,1
Fangchenggang,450600,13,0,1
Jing'an District,310106,13,0,0
Langfang,131000,13,0,1
Tongzhou District,110112,13,0,0
Liaocheng,371500,12,0,0
Shizhu Tujia Autonomous County,500240,12,0,0
Urumqi,650100,12,0,0
Yubei District,500112,12,0,0
Qijiang District,500110,12,0,0
Nanping,350700,12,0,0
Heze,371700,12,0,2
Changshou District,500115,12,0,0
Tangshan,130200,12,0,0
Guiyang,520100,12,0,4
Yuxi,530400,12,0,1
Jixi,230300,12,0,0
Yangjiang,441700,12,0,0
Deyang,510600,12,0,0
Xuhui District,310104,12,0,0
Baoshan District,310113,12,0,0
Minhang District,310112,12,0,0
Binzhou,371600,11,0,2
Panzhihua,510400,11,0,0
Daqing,230600,11,0,0
Chizhou,341700,11,0,1
Jiamusi,230800,11,0,0
Bijie,520500,11,0,0
Suqian,321300,11,0,0
Fengjie County,500236,11,0,1
Hechuan District,500117,11,0,0
Chuzhou,341100,11,0,1
Ordos,150600,11,0,2
Sanming,350400,11,0,0
Wuxi County,500238,11,0,1
Fangshan District,110111,11,0,0
Songjiang District,310117,10,0,0
Zhangjiakou,130700,10,0,0
Hedong District,120102,10,0,0
Tianshui,620500,10,0,0
Hebei District,120105,10,0,0
Qujing,530300,10,0,1
Garzê Tibetan Autonomous Prefecture,513300,10,0,0
Zhaotong,530600,10,0,0
Meizhou,441400,10,0,0
Shennongjia,429021,10,0,2
Qingyuan,441800,10,0,2
Danzhou,460400,10,0,0
Luzhou,510500,10,0,0
Hebi,410600,10,0,0
Baoji,610300,10,0,0
Liupanshui,520200,9,1,0
Taiyuan,140100,9,0,1
Yili,654000,9,0,0
Changning District,310105,9,0,0
Zigong,510300,9,0,0
Huangshan,341000,9,0,0
Zunyi,520300,9,0,0
Datong,140200,9,0,0
Weinan,610500,9,0,0
Qitaihe,230900,9,0,0
Yingtan,360600,9,0,0
Huzhou,330500,9,0,1
Mudanjiang,231000,9,0,0
Hechi,451200,9,0,0
Panjin,211100,8,0,0
Siping,220300,8,0,0
Baoshan,530500,8,0,0
Rongchang District,500153,8,0,0
Nan'an District,500108,8,0,0
Wushan County,500237,8,0,4
Bishan District,500120,8,0,0
Tongchuan,610200,7,0,0
Dali,532900,7,0,1
Dadukou District,500104,7,0,0
Baotou,150200,7,0,0
Zhoushan,330900,7,0,3
Lijiang,530700,7,0,0
Hongkou District,310109,7,0,0
Jincheng,140500,7,0,0
Fuxin,210900,7,0,0
Yibin,511500,7,0,0
Yan'an,610600,7,0,0
Huludao,211400,7,0,0
Jiangmen,440700,7,0,0
Jinzhou,210700,7,0,0
Liangshan Yi Autonomous Prefecture,513400,7,0,0
Sanmenxia,411200,7,0,0
Tongnan District,500152,7,0,0
Wuzhong,640300,7,0,0
Shijingshan District,433100,7,0,0
Dandong,210600,7,0,0
Tongliang District,500151,7,0,0
Dazu District,500111,7,0,0
Fengxian District,310120,7,0,0
Ya'an,511800,6,0,0
Shunyi District,110113,6,0,0
Zhenjiang,321100,6,0,0
Jieyang,445200,6,0,0
Heping District,120101,6,0,0
Shangluo,611000,6,0,0
Dongcheng District,110101,6,0,0
Tongren,520600,6,0,2
Chaoyang,211300,6,0,0
Qionghai,469002,6,0,0
Guangyuan,510800,6,0,0
Maoming,440900,6,0,0
Shaoguan,440200,6,0,1
Yangpu District,310110,6,0,0
Fengdu County,500230,6,0,1
Putuo District,310107,6,0,0
Jilin,220200,5,0,1
Suining,510900,5,0,1
Lingao County,469024,5,0,0
Hengshui,131100,5,0,0
Meishan,511400,5,0,1
Huangpu District,310101,5,0,0
Lüliang,141100,5,0,1
Wuzhou,450400,5,0,2
Dehong,533100,5,0,0
Honghe,532500,5,0,1
Shanwei,441500,5,0,0
Chaozhou,445100,5,0,0
Hohhot,150100,5,0,0
Guigang,450800,5,0,0
Chengmai County,469023,4,1,0
Lingshui Li Autonomous County,469028,4,0,0
Chengde,130800,4,0,0
Longnan,621200,4,0,0
Ninghe District,120117,4,0,0
Chuxiong,532300,4,0,0
Jingdezhen,360200,4,0,1
Jiangjin District,500116,4,0,0
Pu'er,530800,4,0,0
Qinzhou,450700,4,0,0
Jiading District,310114,4,0,0
Puyang,410900,4,0,0
Hezhou,451100,4,0,0
Qingpu District,310118,4,0,0
Shuozhou,140600,4,0,0
Hexi District,120103,4,0,0
Gongzhuling,220381,4,0,0
Xuancheng,341800,4,0,1
Huairou District,110116,4,0,0
Bayannur,150800,4,0,0
Hulunbuir,150700,3,0,1
Haibei,632200,3,0,0
Chifeng,150400,3,0,0
Xiqing District,120111,3,0,0
Ulanqab,150900,3,0,0
Dongli District,120110,3,0,0
Nankai District,120104,3,0,0
Changzhi,140400,3,0,0
Changjiang Li Autonomous County,469026,3,0,0
Tieling,211200,3,0,0
Ding'an County,469021,3,0,0
Liaoyuan,220400,3,0,0
Qinhuangdao,130300,3,0,0
Anshun,520400,3,0,0
Xinzhou,140900,3,0,0
Mentougou District,110109,3,0,0
Benxi,210500,3,0,0
Fuling District,500102,3,0,0
Yongchuan District,500118,3,0,1
Liangping District,500155,3,0,0
Banan District,500113,3,0,0
Linxia,622900,3,0,2
Zhongwei,640500,3,0,0
Dingxi,621100,3,0,1
Zhangjiajie,430800,3,0,2
Yanbian,222400,3,0,0
Hegang,230400,2,0,0
Dongfang,469007,2,0,0
Changji,652300,2,0,0
Binhai New Area,120116,2,0,0
Daxinganling,232700,2,0,0
Liaoyang,211000,2,0,0
Yangquan,140300,2,0,0
Zhangye,620700,2,0,0
Wuhai,150300,2,0,0
Linguolexi,152500,2,0,0
Ziyang,512000,2,0,0
Chongming District,310151,2,0,0
Pengshui Miao and Tujia Autonomous County,500243,2,0,0
Shapingba District,500106,2,0,0
Guyuan,640400,2,0,0
Qianjiang Tujia and Miao Autonomous County,500114,2,0,0
Chengkou County,500229,2,0,0
Jinshan District,310116,2,0,0
Hongqiao District,120106,2,0,1
Leshan,511100,2,0,0
Baise,451000,2,0,0
Longyan,350800,2,0,0
Jiyuan,419001,2,0,0
Baoting Li and Miao Autonomous County,469029,2,0,0
Songyuan,220700,2,0,0
Lincang,530900,1,0,0
Tonghua,220500,1,0,0
Baiyin,620400,1,0,0
Shizuishan,640200,1,0,0
Jinnan District,120112,1,0,0
Linfen,141000,1,0,0
Jinchang,620300,1,0,0
Wenshan,532600,1,0,0
Yanqing District,110119,1,0,0
Pingliang,620800,1,0,0
Yulin,610800,1,0,0
Youyang Tujia and Miao Autonomous County,500242,1,0,0
Heyuan,441600,1,0,0
Wulong District,500156,1,0,0
Xiushan Tujia and Miao Autonomous County,500241,1,0,1
Ngawa Tibetan and Qiang Autonomous Prefecture,513200,1,0,0
Wenchang,469005,1,0,0
Ledong Li Autonomous County,469027,1,0,0
Qiongzhong Li and Miao Autonomous County,469030,1,0,0
Tongliao,150500,1,0,0
Gannan,623000,1,0,0
Xinganmeng,152200,1,0,0
Hancheng,610581,1,0,0
Anshan,210300,1,0,0
Yingkou,210800,1,0,0
Turpan,650400,1,0,0
Akesu,652900,1,0,0
Heihe,231100,1,0,0
Qingyang,621000,1,0,0
Lhasa,540100,1,0,0
