City,hasc,confirmed,death,recovered
Wuhan,420100,5142,265,228
Huanggang,421100,1246,17,32
Xiaogan,420900,918,14,2
Xiangyang,420600,548,0,1
Jingzhou,421000,499,6,6
Suizhou,421300,458,5,3
Yichang,420500,392,1,2
Jingmen,420800,345,11,6
Huangshi,420200,334,2,8
Ezhou,420700,306,15,2
Xianning,421200,296,0,1
Wenzhou,330300,291,0,17
Shiyan,420300,256,0,2
Shenzhen,440300,245,0,10
Guangzhou,440100,200,0,3
Xiantao,429004,169,3,0
Changsha,430100,125,0,2
Hangzhou,330100,118,0,2
Tianmen,429006,115,10,0
Enshi Tujia and Miao Autonomous Prefecture,422800,111,0,5
Nanchang,360100,103,0,4
Xinyang,411500,99,0,6
Nanyang,411300,84,2,1
Chengdu,510100,77,1,10
Ningbo,330200,75,0,1
Hefei,340100,75,0,5
Zhengzhou,410100,72,0,6
Yueyang,430600,70,0,0
Fuyang,341200,65,0,0
Jiujiang,360400,64,0,2
Zhumadian,411700,58,0,0
Zhuhai,440400,55,0,1
Xi'an,610100,55,0,0
Shaoyang,430500,51,0,1
Wanzhou District,500101,50,1,0
Xinyu,360500,50,0,3
Shangqiu,411400,50,0,0
Anqing,340800,47,0,0
Zhoukou,411600,47,0,1
Foshan,440600,45,0,1
Harbin,230100,45,0,2
Changde,430700,45,0,0
Suzhou,320500,44,0,3
Haidian District,110108,42,0,0
Pudong District,310115,40,0,0
Nanjing,320100,40,0,2
Bozhou,341600,39,0,2
Bengbu,340300,37,0,0
Jinhua,330700,36,0,6
Xuzhou,320300,36,0,0
Qianjiang,429005,35,1,0
Loudi,431300,35,0,2
Ganzhou,360700,35,0,1
Putian,350300,34,0,1
Hengyang,430400,32,0,4
Shangrao,361100,32,0,4
Kunming,530100,32,0,0
Huaihua,431200,32,0,1
Chaoyang District,110105,31,0,0
Quanzhou,350500,31,0,0
Dongguan,441900,31,0,0
Yiyang,430900,30,0,1
Shaoxing,330600,30,0,2
Fuzhou,361000,29,0,0
Anyang,410500,29,0,0
Daxing District,110115,28,0,2
Huizhou,441300,28,0,1
Ma'anshan,340500,28,0,1
Xinxiang,410700,27,0,0
Xicheng District,110102,26,0,0
Lanzhou,620100,26,0,2
Nanchong,511300,26,0,0
Beihai,450500,26,0,0
Yongzhou,431100,26,0,5
Yantai,370600,26,0,0
Qingdao,370200,26,0,1
Zhuzhou,430200,26,0,1
Linyi,371300,25,0,1
Weihai,371000,25,0,2
Zhongshan,442000,25,0,0
Guilin,450300,24,0,4
Wuxi,320200,23,0,1
Nanning,450100,22,0,0
Jinan,370100,22,0,0
Guang'an,511600,21,0,1
Chenzhou,431000,21,0,1
Taizhou,321200,21,0,0
Luohe,411100,20,0,0
Lu'an,341500,20,0,1
Pingdingshan,410400,19,0,0
Yinchuan,640100,19,0,1
Dezhou,371400,19,0,1
Xiamen,350200,19,0,0
Jiaxing,330400,19,0,0
Xiangtan,430300,19,0,3
Nantong,320600,19,0,0
Cangzhou,130900,19,1,0
Sanya,460200,18,0,4
Shantou,440500,18,0,0
Pingxiang,360300,18,0,1
Tongling,340700,18,0,1
Huainan,320800,18,0,1
Yunyang County,500154,18,0,1
Jining,370800,18,0,1
Mianyang,510700,17,0,1
Fengtai District,110106,17,0,0
Changchun,220100,17,0,1
Ankang,610900,17,0,0
Zaozhuang,370400,16,0,0
Lishui,331100,16,0,1
Suihua,231200,16,2,0
Shijiazhuang,130100,16,0,0
Wuhu,340200,16,0,1
Jiangbei District,500105,16,0,0
Jinzhong,140700,15,0,0
Changzhou,320400,15,0,0
Xuchang,411000,15,0,0
Zhong County,500233,15,0,0
Yancheng,320900,15,0,0
Shenyang,210100,15,0,0
Hanzhong,610700,15,0,0
Zhanjiang,440800,14,0,1
Yangzhou,321000,14,0,0
Lianyungang,320700,14,0,1
Quzhou,330800,14,0,0
Xingtai,130500,14,0,0
Liuzhou,450200,14,0,0
Rizhao,371100,14,0,0
Baoding,130600,13,0,2
Changping District,110114,13,0,0
Ji'an,360800,13,0,1
Weifang,370700,13,0,0
Haikou,460100,13,0,0
Jiulongpo District,500107,13,1,0
Xishuangbanna,532800,13,0,1
Yuncheng,140800,13,0,1
Tongzhou District,110112,13,0,0
Dianjiang County,500231,13,0,1
Zhangzhou,350600,13,0,0
Neijiang,511000,12,0,0
Xining,630100,12,0,0
Ningde,350900,12,0,0
Tai'an,370900,12,0,1
Yuxi,530400,12,0,1
Yubei District,500112,12,0,0
Langfang,131000,12,0,1
Bazhong,511900,12,0,0
Dalian,210200,12,0,1
Zibo,370300,12,0,0
Dazhou,511700,11,0,1
Sanming,350400,11,0,0
Handan,130400,11,0,0
Tangshan,130200,11,0,0
Nanping,350700,11,0,0
Jiamusi,230800,11,0,0
Baodi District,120115,11,0,0
Wuxi County,500238,11,0,0
Changshou District,500115,11,0,0
Daqing,230600,11,0,0
Kaifeng,410200,11,0,0
Binzhou,371600,11,0,0
Zhaoqing,441200,10,0,1
Deyang,510600,10,0,0
Yangjiang,441700,10,0,0
Liaocheng,371500,10,0,0
Shizhu Tujia Autonomous County,500240,10,0,0
Qijiang District,500110,10,0,0
Minhang District,310112,10,0,0
Baoshan District,310113,10,0,0
Panzhihua,510400,10,0,0
Urumqi,650100,10,0,0
Heze,371700,10,0,0
Yuzhong District,500103,9,0,0
Hebei District,120105,9,0,0
Fangchenggang,450600,9,0,1
Xianyang,610400,9,0,0
Huzhou,330500,9,0,1
Liupanshui,520200,9,0,0
Ordos,150600,9,0,0
Zhangjiakou,130700,9,0,0
Huangshan,341000,9,0,0
Datong,140200,9,0,0
Xuhui District,310104,9,0,0
Jing'an District,310106,9,0,0
Suqian,321300,9,0,0
Hechuan District,500117,9,0,0
Hedong District,120102,9,0,0
Fengjie County,500236,9,0,0
Zigong,510300,9,0,0
Chuzhou,341100,8,0,1
Changning District,310105,8,0,0
Huaibei,340600,8,0,0
Bishan District,500120,8,0,0
Meizhou,441400,8,0,0
Baoji,610300,8,0,0
Zunyi,520300,8,0,0
Jiaozuo,410800,8,0,0
Tianshui,620500,8,0,0
Baoshan,530500,8,0,0
Hebi,410600,8,0,0
Yingtan,360600,8,0,0
Panjin,211100,8,0,0
Zhaotong,530600,8,0,0
Mudanjiang,231000,8,0,0
Tongliang District,500151,7,0,0
Dali,532900,7,0,1
Shuangyashan,230500,7,0,0
Lijiang,530700,7,0,0
Qitaihe,230900,7,0,0
Qingyuan,441800,7,0,2
Luoyang,410300,7,0,0
Sanmenxia,411200,7,0,0
Luzhou,510500,7,0,0
Jinzhou,210700,7,0,0
Nan'an District,500108,7,0,0
Wushan County,500237,7,0,3
Shennongjia,429021,7,0,2
Zhoushan,330900,7,0,2
Wuzhong,640300,7,0,0
Songjiang District,310117,7,0,0
Tongchuan,610200,7,0,0
Guiyang,520100,7,0,1
Yan'an,610600,7,0,0
Danzhou,460400,7,0,0
Yibin,511500,7,0,0
Yili,654000,6,0,0
Putuo District,310107,6,0,0
Jincheng,140500,6,0,0
Qionghai,469002,6,0,0
Qiqihar,230200,6,0,0
Chaoyang,211300,6,0,0
Baotou,150200,6,0,0
Taiyuan,140100,6,0,1
Tongren,520600,6,0,1
Dandong,210600,6,0,0
Chizhou,341700,6,0,1
Jixi,230300,6,0,0
Qujing,530300,6,0,1
Weinan,610500,6,0,0
Garzê Tibetan Autonomous Prefecture,513300,6,0,0
Hechi,451200,6,0,0
Liangshan Yi Autonomous Prefecture,513400,6,0,0
Jieyang,445200,6,0,0
Dadukou District,500104,6,0,0
Shaoguan,440200,5,0,1
Guigang,450800,5,0,0
Fuxin,210900,5,0,0
Shijingshan District,433100,5,0,0
Lingshui Li Autonomous County,469028,5,0,0
Honghe,532500,5,0,1
Huangpu District,310101,5,0,0
Shunyi District,110113,5,0,0
Guangyuan,510800,5,0,0
Shanwei,441500,5,0,0
Hongkou District,310109,5,0,0
Fengxian District,310120,5,0,0
Ya'an,511800,5,0,0
Rongchang District,500153,5,0,0
Heping District,120101,5,0,0
Suining,510900,5,0,0
Dazu District,500111,5,0,0
Huludao,211400,5,0,0
Wuzhou,450400,5,0,2
Lüliang,141100,5,0,0
Fengdu County,500230,5,0,1
Chaozhou,445100,4,0,0
Yangpu District,310110,4,0,0
Maoming,440900,4,0,0
Fangshan District,110111,4,0,0
Bijie,520500,4,0,0
Dehong,533100,4,0,0
Lingao County,469024,4,0,0
Longnan,621200,4,0,0
Ninghe District,120117,4,0,0
Hengshui,131100,4,0,0
Hohhot,150100,4,0,0
Tongnan District,500152,4,0,0
Jiangmen,440700,4,0,0
Jilin,220200,4,0,0
Xuancheng,341800,4,0,1
Siping,220300,4,0,0
Hezhou,451100,4,0,0
Pu'er,530800,4,0,0
Ulanqab,150900,3,0,0
Dongli District,120110,3,0,0
Nankai District,120104,3,0,0
Bayannur,150800,3,0,0
Hexi District,120103,3,0,0
Xiqing District,120111,3,0,0
Changzhi,140400,3,0,0
Puyang,410900,3,0,0
Liangping District,500155,3,0,0
Linxia,622900,3,0,0
Jingdezhen,360200,3,0,1
Zhenjiang,321100,3,0,0
Meishan,511400,3,0,0
Dingxi,621100,3,0,1
Changjiang Li Autonomous County,469026,3,0,0
Yongchuan District,500118,3,0,1
Shuozhou,140600,3,0,0
Huairou District,110116,3,0,0
Xinzhou,140900,3,0,0
Jiangjin District,500116,3,0,0
Mentougou District,110109,3,0,0
Benxi,210500,3,0,0
Tieling,211200,3,0,0
Zhangjiajie,430800,3,0,0
Yanbian,222400,2,0,0
Zhangye,620700,2,0,0
Chengmai County,469023,2,1,0
Chuxiong,532300,2,0,0
Shangluo,611000,2,0,0
Yangquan,140300,2,0,0
Hulunbuir,150700,2,0,1
Anshun,520400,2,0,0
Linguolexi,152500,2,0,0
Chifeng,150400,2,0,0
Hongqiao District,120106,2,0,1
Qingpu District,310118,2,0,0
Liaoyang,211000,2,0,0
Binhai New Area,120116,2,0,0
Songyuan,220700,2,0,0
Dongcheng District,110101,2,0,0
Shapingba District,500106,2,0,0
Zhongwei,640500,2,0,0
Qianjiang Tujia and Miao Autonomous County,500114,2,0,0
Banan District,500113,2,0,0
Chengkou County,500229,2,0,0
Guyuan,640400,2,0,0
Fuling District,500102,2,0,0
Chengde,130800,2,0,0
Ziyang,512000,2,0,0
Leshan,511100,2,0,0
Qinzhou,450700,2,0,0
Baise,451000,2,0,0
Jiading District,310114,2,0,0
Jiyuan,419001,2,0,0
Qinhuangdao,130300,2,0,0
Daxinganling,232700,2,0,0
Jinchang,620300,1,0,0
Gongzhuling,220381,1,0,0
Baiyin,620400,1,0,0
Lincang,530900,1,0,0
Linfen,141000,1,0,0
Tonghua,220500,1,0,0
Jinshan District,310116,1,0,0
Pingliang,620800,1,0,0
Yanqing District,110119,1,0,0
Gannan,623000,1,0,0
Yulin,610800,1,0,0
Wulong District,500156,1,0,0
Xiushan Tujia and Miao Autonomous County,500241,1,0,1
Ngawa Tibetan and Qiang Autonomous Prefecture,513200,1,0,0
Heyuan,441600,1,0,0
Longyan,350800,1,0,0
Wenchang,469005,1,0,0
Ledong Li Autonomous County,469027,1,0,0
Ding'an County,469021,1,0,0
Dongfang,469007,1,0,0
Qiongzhong Li and Miao Autonomous County,469030,1,0,0
Hancheng,610581,1,0,0
Haibei,632200,1,0,0
Anshan,210300,1,0,0
Tongliao,150500,1,0,0
Xinganmeng,152200,1,0,0
Yingkou,210800,1,0,0
Heihe,231100,1,0,0
Wuhai,150300,1,0,0
Hegang,230400,1,0,0
Turpan,650400,1,0,0
Akesu,652900,1,0,0
Qingyang,621000,1,0,0
Chongming District,310151,1,0,0
