City,hasc,confirmed,death,recovered
Wuhan,420100,47071,2043,10368
Xiaogan,420900,3482,110,1328
Huanggang,421100,2904,106,1780
Jingzhou,421000,1576,42,781
Ezhou,420700,1385,41,502
Suizhou,421300,1305,36,601
Xiangyang,420600,1175,30,593
Huangshi,420200,1008,31,568
Yichang,420500,926,29,347
Jingmen,420800,920,37,432
Xianning,421200,836,11,504
Shiyan,420300,671,3,317
Xiantao,429004,575,19,316
Wenzhou,330300,504,1,317
Tianmen,429006,495,13,282
Shenzhen,440300,417,3,262
Guangzhou,440100,346,1,210
Xinyang,411500,274,2,197
Jining,370800,258,0,35
Enshi Tujia and Miao Autonomous Prefecture,422800,251,4,151
Changsha,430100,242,2,152
Nanchang,360100,229,0,184
Harbin,230100,198,3,77
Qianjiang,429005,195,8,91
Hefei,340100,174,1,119
Hangzhou,330100,169,0,137
Bengbu,340300,160,5,113
Zhengzhou,410100,157,0,119
Ningbo,330200,157,0,123
Yueyang,430600,156,1,106
Fuyang,341200,155,0,109
Nanyang,411300,155,3,129
Chengdu,510100,143,3,79
Zhumadian,411700,139,0,124
Xinyu,360500,130,0,109
Shangrao,361100,123,0,97
Xi'an,610100,120,1,91
Wanzhou District,500101,118,4,72
Jiujiang,360400,118,0,62
Bozhou,341600,108,0,87
Shaoyang,430500,102,1,90
Zhuhai,440400,98,1,56
Dongguan,441900,97,1,40
Nanjing,320100,93,0,57
Shangqiu,411400,91,3,78
Suzhou,320500,87,0,57
Foshan,440600,84,0,36
Anqing,340800,83,0,69
Changde,430700,82,0,66
Zhuzhou,430200,80,0,54
Xuzhou,320300,79,0,67
Loudi,431300,76,0,56
Ganzhou,360700,76,1,53
Zhoukou,411600,76,0,52
Fuzhou,361000,72,0,52
Garzê Tibetan Autonomous Prefecture,513300,69,0,18
Lu'an,341500,69,0,45
Huainan,320800,66,0,46
Zhongshan,442000,66,0,53
Huizhou,441300,62,0,49
Haidian District,110108,62,0,0
Chaoyang District,110105,61,0,0
Baodi District,120115,60,2,30
Pudong District,310115,60,0,49
Qingdao,370200,60,1,38
Yiyang,430900,59,0,56
Pingdingshan,410400,58,1,44
Tangshan,130200,58,1,30
Xinxiang,410700,57,3,48
Putian,350300,55,0,30
Jinhua,330700,55,0,39
Wuxi,320200,55,0,41
Nanning,450100,55,0,36
Sanya,460200,54,1,39
Kunming,530100,53,0,36
Anyang,410500,53,0,41
Xicheng District,110102,53,0,0
Shuangyashan,230500,52,3,23
Changzhou,320400,51,0,41
Linyi,371300,49,0,44
Cangzhou,130900,48,3,33
Hengyang,430400,48,0,38
Lianyungang,320700,48,0,25
Yantai,370600,47,0,23
Jinan,370100,47,0,24
Quanzhou,350500,47,0,22
Suihua,231200,47,4,35
Jixi,230300,46,0,22
Jiaxing,330400,45,0,28
Changchun,220100,45,0,33
Beihai,450500,44,1,21
Weifang,370700,44,0,24
Yongzhou,431100,43,0,41
Qiqihar,230200,43,1,26
Dazhou,511700,42,0,15
Shaoxing,330600,42,0,30
Fengtai District,110106,41,0,3
Huaihua,431200,40,0,39
Nantong,320600,40,0,34
Haikou,460100,39,0,28
Chenzhou,431000,39,0,31
Daxing District,110115,39,0,2
Nanchong,511300,39,0,23
Xuchang,411000,39,0,32
Ma'anshan,340500,38,0,21
Liaocheng,371500,38,0,28
Weihai,371000,38,0,27
Dezhou,371400,37,2,15
Taizhou,321200,37,0,28
Jinzhong,140700,37,0,23
Guiyang,520100,36,1,23
Xiangtan,430300,36,0,26
Lanzhou,620100,36,2,31
Tai'an,370900,35,2,22
Xiamen,350200,35,0,27
Luohe,411100,35,0,23
Zhangjiakou,130700,34,0,32
Yinchuan,640100,33,0,30
Pingxiang,360300,33,0,16
Wuhu,340200,33,0,28
Guilin,450300,32,0,23
Handan,130400,32,0,28
Jiaozuo,410800,32,1,26
Zunyi,520300,32,0,18
Baoding,130600,32,0,32
Luoyang,410300,31,1,21
Zibo,370300,30,1,16
Langfang,131000,30,0,28
Guang'an,511600,30,0,20
Changping District,110114,29,0,0
Shijiazhuang,130100,29,0,22
Tongling,340700,29,0,22
Hechi,451200,28,1,5
Wuzhong,640300,28,0,22
Shenyang,210100,28,0,24
Jiangbei District,500105,28,0,11
Huaibei,340600,27,0,20
Yancheng,320900,27,0,24
Kaifeng,410200,26,0,16
Ningde,350900,26,0,20
Daqing,230600,26,1,12
Hanzhong,610700,26,0,14
Ankang,610900,26,0,20
Shantou,440500,25,0,21
Zhaotong,530600,25,0,15
Yunyang County,500154,25,0,21
Bazhong,511900,24,0,10
Luzhou,510500,24,0,12
Liuzhou,450200,24,0,12
Zaozhuang,370400,24,0,20
Hechuan District,500117,23,0,14
Urumqi,650100,23,0,13
Qijiang District,500110,23,0,13
Xingtai,130500,23,1,20
Yangzhou,321000,23,0,17
Jiangmen,440700,23,0,10
Bijie,520500,23,0,14
Mianyang,510700,22,0,13
Ji'an,360800,22,0,12
Changshou District,500115,22,0,11
Fengjie County,500236,22,0,12
Zhanjiang,440800,22,0,14
Neijiang,511000,22,0,13
Jiulongpo District,500107,21,1,11
Baoshan District,310113,21,0,12
Zhong County,500233,21,0,18
Taiyuan,140100,20,0,14
Yuzhong District,500103,20,0,16
Zhangzhou,350600,20,0,14
Nanping,350700,20,0,12
Dianjiang County,500231,20,0,10
Yuncheng,140800,19,0,18
Zhaoqing,441200,19,1,10
Fangchenggang,450600,19,0,8
Dalian,210200,19,0,11
Tongzhou District,110112,19,0,1
Hebi,410600,19,0,13
Minhang District,310112,19,0,17
Xuhui District,310104,18,0,15
Tongnan District,500152,18,0,7
Yingtan,360600,18,0,11
Heze,371700,18,0,17
Deyang,510600,18,0,9
Yili,654000,18,0,6
Yubei District,500112,17,0,10
Puyang,410900,17,0,10
Chizhou,341700,17,0,13
Qitaihe,230900,17,0,10
Xianyang,610400,17,0,16
Lishui,331100,17,0,14
Suining,510900,17,0,10
Rizhao,371100,16,0,11
Meizhou,441400,16,0,11
Fangshan District,110111,16,0,3
Jing'an District,310106,16,0,12
Panzhihua,510400,16,0,16
Siping,220300,15,1,10
Binzhou,371600,15,0,11
Shizhu Tujia Autonomous County,500240,15,0,11
Danzhou,460400,15,1,12
Jiamusi,230800,15,0,15
Nan'an District,500108,15,0,5
Weinan,610500,15,0,9
Xishuangbanna,532800,15,1,12
Xining,630100,15,0,15
Hedong District,120102,15,1,11
Dazu District,500111,14,0,9
Sanming,350400,14,0,8
Quzhou,330800,14,0,10
Yangjiang,441700,14,0,10
Yuxi,530400,14,1,12
Songjiang District,310117,14,0,11
Mudanjiang,231000,14,0,8
Wuxi County,500238,14,0,10
Heihe,231100,14,0,9
Shijingshan District,433100,14,0,1
Maoming,440900,14,0,7
Chuzhou,341100,13,0,9
Baoji,610300,13,0,12
Suqian,321300,13,0,11
Liangshan Yi Autonomous Prefecture,513400,13,0,9
Changning District,310105,13,0,12
Dongcheng District,110101,13,0,1
Dali,532900,13,0,12
Qujing,530300,13,0,10
Qingyuan,441800,12,0,12
Huludao,211400,12,1,5
Tianshui,620500,12,0,12
Zhenjiang,321100,12,0,10
Yibin,511500,12,0,10
Hebei District,120105,12,0,10
Jinzhou,210700,12,0,9
Datong,140200,12,0,8
Putuo District,310107,11,0,9
Shennongjia,429021,11,0,10
Laibin,451300,11,0,0
Panjin,211100,11,0,9
Ordos,150600,11,0,9
Baotou,150200,11,0,5
Tongren,520600,10,0,10
Huzhou,330500,10,0,7
Shaoguan,440200,10,0,7
Wushan County,500237,10,0,7
Shunyi District,110113,10,0,0
Jincheng,140500,10,0,5
Tongliang District,500151,10,0,4
Zhoushan,330900,10,0,5
Fengdu County,500230,10,0,4
Liupanshui,520200,10,1,8
Qinhuangdao,130300,10,1,8
Yangpu District,310110,9,0,7
Huangshan,341000,9,0,6
Chengmai County,469023,9,1,6
Pingliang,620800,9,0,6
Zigong,510300,9,0,8
Bishan District,500120,9,0,7
Shapingba District,500106,9,0,1
Dingxi,621100,9,0,8
Linguolexi,152500,9,0,2
Chifeng,150400,9,0,3
Jiading District,310114,9,0,6
Baoshan,530500,9,0,7
Rongchang District,500153,9,0,5
Honghe,532500,9,0,5
Fengxian District,310120,9,0,7
Bayannur,150800,8,0,6
Jieyang,445200,8,0,5
Changzhi,140400,8,0,5
Yan'an,610600,8,0,8
Gannan,623000,8,0,8
Meishan,511400,8,0,6
Qinzhou,450700,8,0,7
Shuozhou,140600,8,0,6
Guigang,450800,8,0,4
Fuxin,210900,8,0,5
Hengshui,131100,8,0,8
Tongchuan,610200,8,0,6
Dandong,210600,7,0,6
Tieling,211200,7,0,4
Changjiang Li Autonomous County,469026,7,0,3
Huairou District,110116,7,0,0
Tongliao,150500,7,0,1
Sanmenxia,411200,7,1,6
Lijiang,530700,7,0,7
Hohhot,150100,7,0,2
Xinzhou,140900,7,0,5
Shangluo,611000,7,0,5
Hulunbuir,150700,7,0,4
Miyun District,110118,7,0,0
Ya'an,511800,7,0,6
Chengde,130800,7,0,7
Hongkou District,310109,7,0,5
Liaoyuan,220400,7,0,2
Dadukou District,500104,7,0,6
Heping District,120101,6,0,5
Jingdezhen,360200,6,0,3
Lingao County,469024,6,0,5
Banan District,500113,6,0,3
Chaoyang,211300,6,0,3
Qionghai,469002,6,1,4
Qingpu District,310118,6,0,5
Huangpu District,310101,6,0,4
Xuancheng,341800,6,0,4
Gongzhuling,220381,6,0,3
Tonghua,220500,6,0,2
Longyan,350800,6,0,5
Guangyuan,510800,6,0,6
Beichen District,120113,6,0,3
Nankai District,120104,6,0,2
Lüliang,141100,6,0,6
Yanbian,222400,5,0,5
Jilin,220200,5,0,5
Chaozhou,445100,5,0,4
Shanwei,441500,5,0,4
Guyuan,640400,5,0,4
Dehong,533100,5,0,2
Hegang,230400,5,0,4
Wuzhou,450400,5,0,5
Jiyuan,419001,5,0,3
Zhangjiajie,430800,5,0,5
Yongchuan District,500118,5,0,4
Fuling District,500102,5,0,2
Anshan,210300,4,0,0
Hexi District,120103,4,0,4
Anshun,520400,4,0,3
Changji,652300,4,0,3
Tacheng,654200,4,0,0
Pu'er,530800,4,0,4
Chuxiong,532300,4,0,4
Baiyin,620400,4,0,3
Xiqing District,120111,4,0,4
Longnan,621200,4,0,4
Yangquan,140300,4,0,4
Ninghe District,120117,4,0,1
Dongli District,120110,4,0,4
Ziyang,512000,4,0,2
Liangping District,500155,4,0,4
Jiangjin District,500116,4,0,4
Lingshui Li Autonomous County,469028,4,0,4
Chongming District,310151,4,0,2
Heyuan,441600,4,0,1
Hezhou,451100,4,0,4
Ulanqab,150900,3,0,1
Leshan,511100,3,0,3
Binhai New Area,120116,3,0,3
Mentougou District,110109,3,0,2
Haibei,632200,3,0,3
Jinshan District,310116,3,0,2
Zhongwei,640500,3,0,3
Turpan,650400,3,0,1
Yulin,610800,3,0,3
Dongfang,469007,3,0,2
Liaoyang,211000,3,0,3
Baoting Li and Miao Autonomous County,469029,3,0,1
Wenchang,469005,3,0,3
Benxi,210500,3,0,3
Baise,451000,3,0,3
Linxia,622900,3,0,3
Qingyang,621000,3,0,2
Ding'an County,469021,3,1,2
Hongqiao District,120106,2,0,2
Chengkou County,500229,2,0,2
Wuqing District,120114,2,0,2
Daxinganling,232700,2,0,2
Qianjiang Tujia and Miao Autonomous County,500114,2,0,2
Wuhai,150300,2,0,1
Songyuan,220700,2,0,2
Zhangye,620700,2,0,2
Wenshan,532600,2,0,2
Ledong Li Autonomous County,469027,2,0,2
Pengshui Miao and Tujia Autonomous County,500243,2,0,0
Linfen,141000,2,0,2
Wulong District,500156,1,0,1
Shizuishan,640200,1,0,1
Yingkou,210800,1,0,1
Hancheng,610581,1,0,1
Qiongzhong Li and Miao Autonomous County,469030,1,0,1
Jinnan District,120112,1,0,1
Xiushan Tujia and Miao Autonomous County,500241,1,0,1
Yichun,230700,1,0,0
Ngawa Tibetan and Qiang Autonomous Prefecture,513200,1,0,1
Youyang Tujia and Miao Autonomous County,500242,1,0,0
Baicheng,220800,1,0,0
Meihekou,220581,1,0,1
Jinchang,620300,1,0,1
Lincang,530900,1,0,1
Yanqing District,110119,1,0,0
Akesu,652900,1,0,1
Xinganmeng,152200,1,0,0
Lhasa,540100,1,0,1
