City,hasc,confirmed,death,recovered
Wuhan,420100,45660,1774,7292
Xiaogan,420900,3429,98,917
Huanggang,421100,2899,95,1408
Jingzhou,421000,1566,40,612
Ezhou,420700,1375,39,386
Suizhou,421300,1296,29,443
Xiangyang,420600,1173,26,402
Huangshi,420200,997,28,433
Jingmen,420800,914,37,296
Yichang,420500,914,29,273
Xianning,421200,836,11,363
Shiyan,420300,659,2,239
Xiantao,429004,571,19,231
Wenzhou,330300,504,1,280
Tianmen,429006,493,12,198
Shenzhen,440300,417,2,226
Guangzhou,440100,343,0,190
Xinyang,411500,273,2,148
Jining,370800,253,0,30
Enshi Tujia and Miao Autonomous Prefecture,422800,251,3,117
Changsha,430100,242,2,130
Nanchang,360100,229,0,162
Harbin,230100,197,3,77
Qianjiang,429005,189,8,67
Hefei,340100,174,1,104
Hangzhou,330100,169,0,121
Bengbu,340300,160,5,81
Ningbo,330200,157,0,106
Zhengzhou,410100,157,0,98
Yueyang,430600,156,1,87
Nanyang,411300,155,2,104
Fuyang,341200,155,0,99
Chengdu,510100,143,3,75
Zhumadian,411700,139,0,111
Xinyu,360500,130,0,87
Shangrao,361100,123,0,75
Xi'an,610100,120,1,72
Wanzhou District,500101,118,4,65
Jiujiang,360400,118,0,47
Bozhou,341600,108,0,73
Shaoyang,430500,102,1,86
Zhuhai,440400,98,1,52
Dongguan,441900,93,1,31
Nanjing,320100,93,0,52
Shangqiu,411400,91,3,68
Suzhou,320500,87,0,49
Foshan,440600,84,0,34
Anqing,340800,83,0,61
Changde,430700,80,0,60
Zhuzhou,430200,79,0,47
Xuzhou,320300,79,0,63
Loudi,431300,76,0,55
Zhoukou,411600,76,0,48
Ganzhou,360700,76,1,40
Fuzhou,361000,72,0,46
Lu'an,341500,69,0,39
Garzê Tibetan Autonomous Prefecture,513300,69,0,12
Zhongshan,442000,66,0,46
Huainan,320800,66,0,37
Haidian District,110108,62,0,0
Huizhou,441300,62,0,46
Baodi District,120115,60,2,17
Chaoyang District,110105,60,0,0
Pudong District,310115,60,0,42
Yiyang,430900,59,0,52
Qingdao,370200,59,1,34
Pingdingshan,410400,58,1,39
Xinxiang,410700,57,3,43
Tangshan,130200,57,1,20
Nanning,450100,55,0,28
Putian,350300,55,0,24
Jinhua,330700,55,0,39
Wuxi,320200,55,0,37
Sanya,460200,54,1,30
Kunming,530100,53,0,32
Anyang,410500,53,0,33
Xicheng District,110102,53,0,0
Shuangyashan,230500,52,3,19
Changzhou,320400,51,0,36
Linyi,371300,49,0,44
Cangzhou,130900,48,3,26
Hengyang,430400,48,0,37
Lianyungang,320700,48,0,22
Yantai,370600,47,0,18
Suihua,231200,47,4,29
Jinan,370100,47,0,22
Jixi,230300,46,0,5
Quanzhou,350500,46,0,19
Changchun,220100,45,0,26
Jiaxing,330400,45,0,23
Weifang,370700,44,0,17
Beihai,450500,44,1,14
Yongzhou,431100,43,0,37
Qiqihar,230200,43,1,22
Shaoxing,330600,42,0,22
Fengtai District,110106,41,0,3
Dazhou,511700,41,0,13
Huaihua,431200,40,0,38
Nantong,320600,40,0,28
Chenzhou,431000,39,0,31
Haikou,460100,39,0,20
Daxing District,110115,39,0,2
Xuchang,411000,39,0,26
Ma'anshan,340500,38,0,19
Nanchong,511300,38,0,18
Liaocheng,371500,38,0,22
Weihai,371000,38,0,21
Taizhou,321200,37,0,25
Dezhou,371400,37,2,12
Lanzhou,620100,36,2,27
Guiyang,520100,36,1,18
Jinzhong,140700,36,0,21
Xiangtan,430300,36,0,19
Luohe,411100,35,0,22
Xiamen,350200,35,0,17
Tai'an,370900,35,1,19
Zhangjiakou,130700,34,0,25
Yinchuan,640100,33,0,28
Wuhu,340200,33,0,25
Pingxiang,360300,33,0,11
Jiaozuo,410800,32,1,15
Guilin,450300,32,0,17
Zunyi,520300,32,0,18
Baoding,130600,32,0,29
Luoyang,410300,31,1,18
Handan,130400,31,0,22
Guang'an,511600,30,0,20
Langfang,131000,30,0,25
Zibo,370300,30,0,14
Tongling,340700,29,0,13
Shijiazhuang,130100,29,0,19
Changping District,110114,29,0,0
Shenyang,210100,28,0,19
Wuzhong,640300,28,0,12
Jiangbei District,500105,28,0,10
Yancheng,320900,27,0,20
Huaibei,340600,27,0,15
Hanzhong,610700,26,0,10
Ningde,350900,26,0,20
Kaifeng,410200,26,0,16
Ankang,610900,26,0,16
Daqing,230600,26,1,8
Shantou,440500,25,0,20
Zhaotong,530600,25,0,10
Hechi,451200,25,1,4
Yunyang County,500154,25,0,19
Zaozhuang,370400,24,0,14
Liuzhou,450200,24,0,11
Bazhong,511900,24,0,10
Luzhou,510500,24,0,6
Qijiang District,500110,23,0,12
Hechuan District,500117,23,0,10
Bijie,520500,23,0,13
Jiangmen,440700,23,0,9
Xingtai,130500,23,1,18
Urumqi,650100,23,0,10
Yangzhou,321000,23,0,15
Fengjie County,500236,22,0,10
Zhanjiang,440800,22,0,12
Ji'an,360800,22,0,11
Mianyang,510700,22,0,12
Neijiang,511000,22,0,10
Changshou District,500115,21,0,11
Baoshan District,310113,21,0,10
Zhangzhou,350600,20,0,14
Nanping,350700,20,0,10
Taiyuan,140100,20,0,12
Dianjiang County,500231,20,0,9
Yuzhong District,500103,20,0,14
Jiulongpo District,500107,20,1,11
Zhong County,500233,20,0,18
Tongzhou District,110112,19,0,1
Zhaoqing,441200,19,1,8
Dalian,210200,19,0,9
Minhang District,310112,19,0,15
Hebi,410600,19,0,9
Yuncheng,140800,19,0,16
Fangchenggang,450600,19,0,6
Deyang,510600,18,0,6
Xuhui District,310104,18,0,10
Yili,654000,18,0,6
Yingtan,360600,18,0,4
Heze,371700,18,0,15
Tongnan District,500152,18,0,5
Suining,510900,17,0,10
Lishui,331100,17,0,14
Yubei District,500112,17,0,10
Xianyang,610400,17,0,14
Qitaihe,230900,17,0,9
Puyang,410900,17,0,7
Chizhou,341700,17,0,10
Rizhao,371100,16,0,9
Meizhou,441400,16,0,11
Panzhihua,510400,16,0,15
Jing'an District,310106,16,0,10
Fangshan District,110111,16,0,3
Nan'an District,500108,15,0,5
Shizhu Tujia Autonomous County,500240,15,0,11
Danzhou,460400,15,0,12
Jiamusi,230800,15,0,15
Weinan,610500,15,0,4
Siping,220300,15,1,9
Xishuangbanna,532800,15,1,9
Hedong District,120102,15,1,8
Binzhou,371600,15,0,11
Xining,630100,15,0,15
Quzhou,330800,14,0,10
Dazu District,500111,14,0,9
Maoming,440900,14,0,6
Heihe,231100,14,0,9
Songjiang District,310117,14,0,7
Shijingshan District,433100,14,0,1
Mudanjiang,231000,14,0,7
Yuxi,530400,14,1,9
Sanming,350400,14,0,5
Baoji,610300,13,0,11
Yangjiang,441700,13,0,10
Chuzhou,341100,13,0,8
Changning District,310105,13,0,10
Liangshan Yi Autonomous Prefecture,513400,13,0,8
Dali,532900,13,0,11
Qujing,530300,13,0,8
Wuxi County,500238,13,0,9
Suqian,321300,13,0,8
Yibin,511500,12,0,8
Jinzhou,210700,12,0,8
Dongcheng District,110101,12,0,1
Datong,140200,12,0,6
Hebei District,120105,12,0,10
Huludao,211400,12,1,5
Qingyuan,441800,12,0,10
Zhenjiang,321100,12,0,9
Tianshui,620500,12,0,12
Shennongjia,429021,11,0,10
Putuo District,310107,11,0,7
Baotou,150200,11,0,2
Panjin,211100,11,0,5
Laibin,451300,11,0,0
Wushan County,500237,11,0,6
Ordos,150600,11,0,7
Liupanshui,520200,10,1,6
Shaoguan,440200,10,0,6
Jincheng,140500,10,0,5
Tongren,520600,10,0,10
Fengdu County,500230,10,0,4
Huzhou,330500,10,0,7
Tongliang District,500151,10,0,4
Shunyi District,110113,10,0,0
Zhoushan,330900,10,0,5
Qinhuangdao,130300,10,1,6
Yangpu District,310110,9,0,4
Zigong,510300,9,0,7
Dingxi,621100,9,0,8
Huangshan,341000,9,0,6
Honghe,532500,9,0,4
Pingliang,620800,9,0,6
Chengmai County,469023,9,1,5
Bishan District,500120,9,0,7
Fengxian District,310120,9,0,3
Baoshan,530500,9,0,5
Jiading District,310114,9,0,3
Chifeng,150400,9,0,3
Linguolexi,152500,9,0,1
Rongchang District,500153,9,0,5
Jieyang,445200,8,0,4
Bayannur,150800,8,0,3
Changzhi,140400,8,0,3
Fuxin,210900,8,0,3
Hengshui,131100,8,0,7
Yan'an,610600,8,0,8
Tongchuan,610200,8,0,6
Meishan,511400,8,0,6
Guigang,450800,8,0,3
Shuozhou,140600,8,0,3
Qinzhou,450700,8,0,6
Shapingba District,500106,8,0,1
Gannan,623000,8,0,6
Miyun District,110118,7,0,0
Hongkou District,310109,7,0,5
Huairou District,110116,7,0,0
Tieling,211200,7,0,1
Ya'an,511800,7,0,4
Dandong,210600,7,0,6
Changjiang Li Autonomous County,469026,7,0,2
Tongliao,150500,7,0,1
Hulunbuir,150700,7,0,3
Dadukou District,500104,7,0,5
Lijiang,530700,7,0,7
Hohhot,150100,7,0,2
Xinzhou,140900,7,0,4
Shangluo,611000,7,0,4
Sanmenxia,411200,7,0,6
Chengde,130800,7,0,6
Liaoyuan,220400,7,0,1
Jingdezhen,360200,6,0,3
Lingao County,469024,6,0,4
Chaoyang,211300,6,0,3
Huangpu District,310101,6,0,3
Lüliang,141100,6,0,6
Heping District,120101,6,0,4
Nankai District,120104,6,0,2
Gongzhuling,220381,6,0,3
Beichen District,120113,6,0,2
Qionghai,469002,6,1,4
Xuancheng,341800,6,0,4
Longyan,350800,6,0,3
Guangyuan,510800,6,0,5
Banan District,500113,6,0,2
Yongchuan District,500118,5,0,4
Chaozhou,445100,5,0,4
Jilin,220200,5,0,5
Shanwei,441500,5,0,2
Wuzhou,450400,5,0,5
Zhangjiajie,430800,5,0,5
Jiyuan,419001,5,0,3
Qingpu District,310118,5,0,5
Dehong,533100,5,0,2
Guyuan,640400,5,0,3
Fuling District,500102,5,0,2
Yanbian,222400,5,0,4
Hegang,230400,5,0,2
Pu'er,530800,4,0,4
Baiyin,620400,4,0,3
Liangping District,500155,4,0,4
Longnan,621200,4,0,4
Changji,652300,4,0,3
Tacheng,654200,4,0,0
Chuxiong,532300,4,0,4
Anshan,210300,4,0,0
Ninghe District,120117,4,0,1
Lingshui Li Autonomous County,469028,4,0,1
Xiqing District,120111,4,0,4
Hezhou,451100,4,0,2
Yangquan,140300,4,0,2
Dongli District,120110,4,0,2
Chongming District,310151,4,0,2
Heyuan,441600,4,0,1
Jiangjin District,500116,4,0,3
Tonghua,220500,4,0,1
Anshun,520400,4,0,1
Hexi District,120103,4,0,2
Haibei,632200,3,0,3
Ulanqab,150900,3,0,1
Turpan,650400,3,0,1
Zhongwei,640500,3,0,3
Binhai New Area,120116,3,0,2
Ding'an County,469021,3,1,2
Dongfang,469007,3,0,2
Ziyang,512000,3,0,2
Jinshan District,310116,3,0,2
Wenchang,469005,3,0,3
Yulin,610800,3,0,3
Baoting Li and Miao Autonomous County,469029,3,0,1
Baise,451000,3,0,2
Liaoyang,211000,3,0,3
Mentougou District,110109,3,0,2
Leshan,511100,3,0,2
Benxi,210500,3,0,3
Qingyang,621000,3,0,2
Linxia,622900,3,0,3
Daxinganling,232700,2,0,2
Chengkou County,500229,2,0,2
Qianjiang Tujia and Miao Autonomous County,500114,2,0,2
Songyuan,220700,2,0,2
Zhangye,620700,2,0,2
Hongqiao District,120106,2,0,2
Linfen,141000,2,0,1
Wuhai,150300,2,0,0
Ledong Li Autonomous County,469027,2,0,2
Wenshan,532600,2,0,1
Pengshui Miao and Tujia Autonomous County,500243,2,0,0
Wuqing District,120114,2,0,1
Shizuishan,640200,1,0,1
Yichun,230700,1,0,0
Jinnan District,120112,1,0,1
Baicheng,220800,1,0,0
Meihekou,220581,1,0,1
Akesu,652900,1,0,1
Xinganmeng,152200,1,0,0
Lincang,530900,1,0,1
Jinchang,620300,1,0,1
Youyang Tujia and Miao Autonomous County,500242,1,0,0
Yingkou,210800,1,0,1
Hancheng,610581,1,0,1
Qiongzhong Li and Miao Autonomous County,469030,1,0,1
Yanqing District,110119,1,0,0
Ngawa Tibetan and Qiang Autonomous Prefecture,513200,1,0,1
Xiushan Tujia and Miao Autonomous County,500241,1,0,1
Wulong District,500156,1,0,1
Lhasa,540100,1,0,1
