City,hasc,confirmed,death,recovered
Wuhan,420100,3215,192,106
Huanggang,421100,726,14,17
Xiaogan,420900,628,12,2
Xiangyang,420600,347,0,0
Suizhou,421300,304,1,0
Jingzhou,421000,287,4,2
Yichang,420500,276,1,0
Jingmen,420800,251,5,1
Wenzhou,330300,241,0,8
Ezhou,420700,227,9,0
Huangshi,420200,209,2,1
Xianning,421200,206,0,1
Shiyan,420300,177,0,0
Shenzhen,440300,170,0,5
Guangzhou,440100,150,0,3
Hangzhou,330100,98,0,3
Xiantao,429004,97,1,0
Enshi Tujia and Miao Autonomous Prefecture,422800,87,0,1
Changsha,430100,86,0,2
Nanchang,360100,83,0,1
Tianmen,429006,82,7,0
Chengdu,510100,72,1,3
Xinyang,411500,70,0,0
Nanyang,411300,66,2,0
Hefei,340100,59,0,2
Zhengzhou,410100,56,0,1
Ningbo,330200,55,0,1
Fuyang,341200,47,0,0
Yueyang,430600,45,0,0
Jiujiang,360400,43,0,0
Shaoyang,430500,41,0,1
Xinyu,360500,40,0,2
Zhumadian,411700,40,0,0
Changde,430700,39,0,0
Wanzhou District,500101,39,0,0
Foshan,440600,39,0,1
Xi'an,610100,39,0,0
Haidian District,110108,39,0,0
Zhuhai,440400,38,0,1
Zhoukou,411600,38,0,1
Jinhua,330700,34,0,3
Suzhou,320500,34,0,2
Pudong District,310115,32,0,0
Anqing,340800,31,0,0
Ganzhou,360700,30,0,0
Kunming,530100,30,0,0
Shangqiu,411400,29,0,0
Nanjing,320100,28,0,2
Huaihua,431200,28,0,1
Chaoyang District,110105,28,0,0
Qianjiang,429005,27,1,0
Loudi,431300,26,0,1
Hengyang,430400,26,0,0
Putian,350300,25,0,0
Harbin,230100,25,0,2
Bozhou,341600,25,0,2
Anyang,410500,24,0,0
Quanzhou,350500,24,0,0
Yiyang,430900,24,0,0
Weihai,371000,24,0,0
Shaoxing,330600,24,0,0
Beihai,450500,23,0,0
Xuzhou,320300,23,0,0
Lanzhou,620100,23,0,0
Linyi,371300,23,0,0
Ma'anshan,340500,22,0,0
Zhuzhou,430200,22,0,0
Qingdao,370200,21,0,1
Guilin,450300,21,0,0
Dongguan,441900,21,0,0
Xinxiang,410700,21,0,0
Huizhou,441300,20,0,1
Daxing District,110115,20,0,2
Yantai,370600,20,0,0
Cangzhou,130900,19,1,0
Fuzhou,361000,18,0,0
Yunyang County,500154,18,0,0
Zhongshan,442000,18,0,0
Jiaxing,330400,18,0,0
Yongzhou,431100,18,0,2
Jinan,370100,18,0,0
Taizhou,321200,17,0,0
Xiamen,350200,17,0,0
Xicheng District,110102,17,0,0
Dezhou,371400,17,0,1
Fengtai District,110106,16,0,0
Tongling,340700,16,0,0
Guang'an,511600,16,0,0
Bengbu,340300,16,0,0
Shangrao,361100,16,0,1
Nanchong,511300,16,0,0
Nanning,450100,16,0,0
Yinchuan,640100,15,0,0
Wuhu,340200,15,0,0
Sanya,460200,15,0,1
Shantou,440500,14,0,0
Changzhou,320400,14,0,0
Luohe,411100,14,0,0
Ankang,610900,14,0,0
Suihua,231200,13,2,0
Yangzhou,321000,13,0,0
Tongzhou District,110112,13,0,0
Lianyungang,320700,13,0,1
Lu'an,341500,13,0,1
Quzhou,330800,13,0,0
Shenyang,210100,13,0,0
Wuxi,320200,13,0,0
Yancheng,320900,13,0,0
Hanzhong,610700,13,0,0
Zhanjiang,440800,13,0,1
Chenzhou,431000,13,0,1
Xiangtan,430300,13,0,0
Jiangbei District,500105,12,0,0
Liuzhou,450200,12,0,0
Zhong County,500233,12,0,0
Changping District,110114,12,0,0
Nantong,320600,12,0,0
Huainan,320800,12,0,1
Zaozhuang,370400,12,0,0
Mianyang,510700,12,0,0
Xuchang,411000,12,0,0
Shijiazhuang,130100,12,0,0
Xishuangbanna,532800,12,0,0
Jinzhong,140700,11,0,0
Zhangzhou,350600,11,0,0
Jining,370800,11,0,1
Dianjiang County,500231,11,0,0
Yubei District,500112,11,0,0
Ji'an,360800,11,0,1
Haikou,460100,11,0,0
Jiamusi,230800,11,0,0
Pingdingshan,410400,11,0,0
Langfang,131000,11,0,0
Baoding,130600,11,0,0
Yuncheng,140800,10,0,0
Yangjiang,441700,10,0,0
Sanming,350400,10,0,0
Rizhao,371100,10,0,0
Zibo,370300,10,0,0
Neijiang,511000,10,0,0
Wuxi County,500238,10,0,0
Changshou District,500115,10,0,0
Handan,130400,10,0,0
Xingtai,130500,10,0,0
Dalian,210200,10,0,1
Shizhu Tujia Autonomous County,500240,10,0,0
Hebei District,120105,9,0,0
Dazhou,511700,9,0,0
Jiulongpo District,500107,9,1,0
Binzhou,371600,9,0,0
Weifang,370700,9,0,0
Huangshan,341000,9,0,0
Zigong,510300,9,0,0
Xining,630100,9,0,0
Ningde,350900,9,0,0
Pingxiang,360300,9,0,1
Xianyang,610400,8,0,0
Daqing,230600,8,0,0
Kaifeng,410200,8,0,0
Jing'an District,310106,8,0,0
Zhangjiakou,130700,8,0,0
Heze,371700,8,0,0
Bazhong,511900,8,0,0
Liaocheng,371500,8,0,0
Suqian,321300,8,0,0
Urumqi,650100,8,0,0
Liupanshui,520200,8,0,0
Nanping,350700,8,0,0
Baoshan District,310113,8,0,0
Fangchenggang,450600,8,0,1
Bishan District,500120,8,0,0
Hechuan District,500117,8,0,0
Baoshan,530500,8,0,0
Lishui,331100,8,0,1
Tangshan,130200,8,0,0
Sanmenxia,411200,7,0,0
Changning District,310105,7,0,0
Changchun,220100,7,0,1
Minhang District,310112,7,0,0
Panzhihua,510400,7,0,0
Deyang,510600,7,0,0
Xuhui District,310104,7,0,0
Yibin,511500,7,0,0
Yan'an,610600,7,0,0
Yuxi,530400,7,0,0
Shennongjia,429021,7,0,2
Yuzhong District,500103,7,0,0
Panjin,211100,7,0,0
Zhoushan,330900,7,0,1
Jinzhou,210700,7,0,0
Wushan County,500237,6,0,1
Zhaotong,530600,6,0,0
Chuzhou,341100,6,0,0
Datong,140200,6,0,0
Dali,532900,6,0,1
Danzhou,460400,6,0,0
Dadukou District,500104,6,0,0
Hebi,410600,6,0,0
Huzhou,330500,6,0,0
Mudanjiang,231000,6,0,0
Dandong,210600,6,0,0
Hechi,451200,6,0,0
Chaoyang,211300,6,0,0
Wuzhong,640300,6,0,0
Qingyuan,441800,6,0,1
Zhaoqing,441200,6,0,1
Lijiang,530700,6,0,0
Jieyang,445200,6,0,0
Meizhou,441400,6,0,0
Tai'an,370900,6,0,0
Huaibei,340600,6,0,0
Hedong District,120102,6,0,0
Baoji,610300,6,0,0
Qionghai,469002,5,0,0
Lingshui Li Autonomous County,469028,5,0,0
Lüliang,141100,5,0,0
Fengxian District,310120,5,0,0
Huangpu District,310101,5,0,0
Hongkou District,310109,5,0,0
Luoyang,410300,5,0,0
Honghe,532500,5,0,1
Qujing,530300,5,0,0
Weinan,610500,5,0,0
Liangshan Yi Autonomous Prefecture,513400,5,0,0
Suining,510900,5,0,0
Ya'an,511800,5,0,0
Wuzhou,450400,5,0,1
Yili,654000,5,0,0
Tongchuan,610200,5,0,0
Garzê Tibetan Autonomous Prefecture,513300,5,0,0
Luzhou,510500,5,0,0
Ordos,150600,5,0,0
Qitaihe,230900,5,0,0
Fengjie County,500236,5,0,0
Fengdu County,500230,5,0,1
Huludao,211400,5,0,0
Zunyi,520300,4,0,0
Hengshui,131100,4,0,0
Xuancheng,341800,4,0,0
Jixi,230300,4,0,0
Guiyang,520100,4,0,1
Yingtan,360600,4,0,0
Pu'er,530800,4,0,0
Chizhou,341700,4,0,0
Dazu District,500111,4,0,0
Shanwei,441500,4,0,0
Qijiang District,500110,4,0,0
Shaoguan,440200,4,0,0
Taiyuan,140100,4,0,1
Jiangmen,440700,3,0,0
Shijingshan District,433100,3,0,0
Bayannur,150800,3,0,0
Dongli District,120110,3,0,0
Maoming,440900,3,0,0
Baodi District,120115,3,0,0
Hexi District,120103,3,0,0
Dongcheng District,110101,3,0,0
Chaozhou,445100,3,0,0
Heping District,120101,3,0,0
Songjiang District,310117,3,0,0
Baotou,150200,3,0,0
Changzhi,140400,3,0,0
Dehong,533100,3,0,0
Shuozhou,140600,3,0,0
Jingdezhen,360200,3,0,1
Benxi,210500,3,0,0
Lingao County,469024,3,0,0
Qiqihar,230200,3,0,0
Tianshui,620500,3,0,0
Puyang,410900,3,0,0
Longnan,621200,3,0,0
Dingxi,621100,3,0,0
Bijie,520500,3,0,0
Yongchuan District,500118,3,0,0
Tongren,520600,3,0,1
Jilin,220200,3,0,0
Nan'an District,500108,3,0,0
Jiangjin District,500116,3,0,0
Ninghe District,120117,2,0,0
Zhangye,620700,2,0,0
Fuxin,210900,2,0,0
Yangpu District,310110,2,0,0
Zhongwei,640500,2,0,0
Jiading District,310114,2,0,0
Shapingba District,500106,2,0,0
Daxinganling,232700,2,0,0
Shuangyashan,230500,2,0,0
Linguolexi,152500,2,0,0
Chifeng,150400,2,0,0
Guyuan,640400,2,0,0
Hulunbuir,150700,2,0,1
Yanbian,222400,2,0,0
Chengde,130800,2,0,0
Hohhot,150100,2,0,0
Qingpu District,310118,2,0,0
Ulanqab,150900,2,0,0
Linxia,622900,2,0,0
Binhai New Area,120116,2,0,0
Xiqing District,120111,2,0,0
Nankai District,120104,2,0,0
Songyuan,220700,2,0,0
Jincheng,140500,2,0,0
Hongqiao District,120106,2,0,0
Zhangjiajie,430800,2,0,0
Tieling,211200,2,0,0
Shangluo,611000,2,0,0
Jiaozuo,410800,2,0,0
Rongchang District,500153,2,0,0
Qianjiang Tujia and Miao Autonomous County,500114,2,0,0
Shunyi District,110113,2,0,0
Tongnan District,500152,2,0,0
Fangshan District,110111,2,0,0
Tongliang District,500151,2,0,0
Liangping District,500155,2,0,0
Guangyuan,510800,2,0,0
Ziyang,512000,2,0,0
Leshan,511100,2,0,0
Meishan,511400,2,0,0
Baise,451000,2,0,0
Zhenjiang,321100,2,0,0
Putuo District,310107,2,0,0
Chengmai County,469023,2,1,0
Ledong Li Autonomous County,469027,1,0,0
Chengkou County,500229,1,0,0
Linfen,141000,1,0,0
Yangquan,140300,1,0,0
Banan District,500113,1,0,0
Tonghua,220500,1,0,0
Gongzhuling,220381,1,0,0
Siping,220300,1,0,0
Heyuan,441600,1,0,0
Huairou District,110116,1,0,0
Mentougou District,110109,1,0,0
Qinhuangdao,130300,1,0,0
Yingkou,210800,1,0,0
Liaoyang,211000,1,0,0
Yulin,610800,1,0,0
Jinshan District,310116,1,0,0
Wulong District,500156,1,0,0
Anshan,210300,1,0,0
Hegang,230400,1,0,0
Xinzhou,140900,1,0,0
Ding'an County,469021,1,0,0
Xiushan Tujia and Miao Autonomous County,500241,1,0,1
Jinchang,620300,1,0,0
Longyan,350800,1,0,0
Tongliao,150500,1,0,0
Xinganmeng,152200,1,0,0
Pingliang,620800,1,0,0
Hezhou,451100,1,0,0
Qinzhou,450700,1,0,0
Gannan,623000,1,0,0
Changjiang Li Autonomous County,469026,1,0,0
Baiyin,620400,1,0,0
Hancheng,610581,1,0,0
Akesu,652900,1,0,0
Lincang,530900,1,0,0
Dongfang,469007,1,0,0
Qiongzhong Li and Miao Autonomous County,469030,1,0,0
Ngawa Tibetan and Qiang Autonomous Prefecture,513200,1,0,0
Fuling District,500102,1,0,0
Turpan,650400,1,0,0
