City,hasc,confirmed,death,recovered
Wuhan,420100,35991,1016,2023
Xiaogan,420900,3009,57,255
Huanggang,421100,2791,59,528
Jingzhou,421000,1447,27,163
Suizhou,421300,1206,16,72
Ezhou,420700,1125,32,116
Xiangyang,420600,1111,16,73
Huangshi,420200,943,11,137
Jingmen,420800,901,25,105
Yichang,420500,877,13,82
Xianning,421200,732,8,99
Shiyan,420300,586,2,89
Xiantao,429004,500,17,58
Wenzhou,330300,496,0,159
Tianmen,429006,416,10,21
Shenzhen,440300,400,0,104
Guangzhou,440100,328,0,93
Xinyang,411500,243,1,60
Changsha,430100,238,0,66
Enshi Tujia and Miao Autonomous Prefecture,422800,237,4,60
Nanchang,360100,217,0,68
Hefei,340100,166,1,38
Hangzhou,330100,165,0,69
Harbin,230100,164,3,18
Ningbo,330200,153,0,46
Bengbu,340300,149,5,3
Yueyang,430600,149,1,44
Nanyang,411300,146,2,45
Fuyang,341200,146,0,28
Zhengzhou,410100,142,0,62
Zhumadian,411700,137,0,50
Chengdu,510100,135,1,43
Xinyu,360500,124,0,31
Shangrao,361100,122,0,18
Xi'an,610100,114,0,21
Jiujiang,360400,114,0,16
Bozhou,341600,106,0,19
Wanzhou District,500101,104,3,27
Qianjiang,429005,104,5,11
Shaoyang,430500,100,1,41
Nanjing,320100,91,0,27
Zhuhai,440400,91,0,27
Shangqiu,411400,88,2,25
Suzhou,320500,85,0,17
Foshan,440600,82,0,22
Anqing,340800,81,0,32
Changde,430700,78,0,27
Zhuzhou,430200,77,0,21
Ganzhou,360700,76,1,12
Xuzhou,320300,76,0,20
Dongguan,441900,73,1,7
Loudi,431300,73,0,25
Fuzhou,361000,71,0,14
Zhoukou,411600,69,0,25
Zhongshan,442000,64,0,26
Lu'an,341500,61,0,8
Yiyang,430900,59,0,22
Haidian District,110108,58,0,0
Chaoyang District,110105,58,0,0
Pingdingshan,410400,57,1,19
Huainan,320800,56,0,11
Pudong District,310115,56,0,12
Huizhou,441300,56,0,18
Xinxiang,410700,55,2,10
Qingdao,370200,55,1,17
Jinhua,330700,55,0,24
Sanya,460200,54,1,17
Putian,350300,54,0,10
Wuxi,320200,51,0,15
Anyang,410500,50,0,16
Shuangyashan,230500,48,2,1
Kunming,530100,48,0,8
Jinan,370100,47,0,11
Linyi,371300,47,0,25
Nanning,450100,47,0,11
Xicheng District,110102,46,0,0
Jining,370800,46,0,15
Yantai,370600,46,0,12
Hengyang,430400,46,0,26
Baodi District,120115,46,2,3
Suihua,231200,45,4,7
Lianyungang,320700,45,0,10
Cangzhou,130900,45,2,14
Quanzhou,350500,44,0,13
Jixi,230300,44,0,1
Changzhou,320400,43,0,11
Yongzhou,431100,43,0,23
Changchun,220100,43,0,13
Garzê Tibetan Autonomous Prefecture,513300,43,0,3
Tangshan,130200,43,0,4
Jiaxing,330400,42,0,10
Shaoxing,330600,42,0,16
Weifang,370700,41,0,6
Beihai,450500,40,1,4
Huaihua,431200,39,0,26
Nantong,320600,39,0,11
Chenzhou,431000,39,0,22
Daxing District,110115,39,0,2
Liaocheng,371500,38,0,3
Weihai,371000,38,0,9
Taizhou,321200,37,0,15
Xuchang,411000,37,0,6
Fengtai District,110106,36,0,3
Qiqihar,230200,36,1,8
Dazhou,511700,36,0,5
Nanchong,511300,35,0,7
Lanzhou,620100,35,2,14
Dezhou,371400,35,1,7
Jinzhong,140700,35,0,11
Ma'anshan,340500,34,0,9
Xiamen,350200,34,0,4
Guiyang,520100,34,0,4
Xiangtan,430300,34,0,12
Luohe,411100,33,0,9
Tai'an,370900,32,0,4
Yinchuan,640100,32,0,12
Zhangjiakou,130700,31,0,7
Guilin,450300,31,0,5
Pingxiang,360300,31,0,2
Haikou,460100,31,0,12
Baoding,130600,31,0,17
Handan,130400,31,0,9
Wuhu,340200,31,0,8
Luoyang,410300,30,0,8
Guang'an,511600,30,0,8
Langfang,131000,29,0,12
Jiaozuo,410800,29,1,5
Zunyi,520300,28,0,1
Tongling,340700,28,0,10
Shenyang,210100,28,0,9
Zibo,370300,28,0,4
Shijiazhuang,130100,27,0,7
Yancheng,320900,26,0,6
Jiangbei District,500105,26,0,2
Kaifeng,410200,25,0,8
Ningde,350900,25,0,6
Huaibei,340600,25,0,6
Wuzhong,640300,25,0,6
Shantou,440500,25,0,9
Changping District,110114,24,0,0
Bazhong,511900,24,0,1
Zaozhuang,370400,23,0,4
Bijie,520500,23,0,4
Ankang,610900,23,0,5
Urumqi,650100,23,0,2
Hechuan District,500117,23,0,5
Jiangmen,440700,22,0,3
Yunyang County,500154,22,0,13
Xingtai,130500,22,1,8
Qijiang District,500110,22,0,1
Liuzhou,450200,22,0,7
Mianyang,510700,22,0,5
Zhanjiang,440800,22,0,11
Hanzhong,610700,21,0,1
Neijiang,511000,21,0,5
Quzhou,330800,21,0,8
Hechi,451200,21,1,0
Baoshan District,310113,20,0,1
Jiulongpo District,500107,20,1,3
Nanping,350700,20,0,4
Yangzhou,321000,20,0,6
Yuzhong District,500103,20,0,3
Ji'an,360800,20,0,5
Fengjie County,500236,20,0,4
Dianjiang County,500231,20,0,3
Luzhou,510500,19,0,2
Zhaotong,530600,19,0,2
Yuncheng,140800,19,0,10
Zhangzhou,350600,19,0,4
Zhong County,500233,19,0,9
Hebi,410600,19,0,4
Taiyuan,140100,18,0,3
Daqing,230600,18,1,1
Yingtan,360600,18,0,2
Heze,371700,18,0,9
Minhang District,310112,18,0,4
Dalian,210200,18,0,4
Changshou District,500115,17,0,8
Lishui,331100,17,0,10
Xuhui District,310104,17,0,2
Fangchenggang,450600,17,0,1
Deyang,510600,17,0,0
Tongzhou District,110112,17,0,1
Xianyang,610400,17,0,5
Zhaoqing,441200,17,1,7
Chizhou,341700,17,0,4
Tongnan District,500152,16,0,1
Jing'an District,310106,16,0,3
Qitaihe,230900,16,0,1
Danzhou,460400,15,0,2
Xining,630100,15,0,9
Yubei District,500112,15,0,4
Rizhao,371100,15,0,2
Nan'an District,500108,15,0,1
Jiamusi,230800,15,0,7
Xishuangbanna,532800,15,0,3
Binzhou,371600,14,0,8
Dazu District,500111,14,0,1
Siping,220300,14,1,2
Weinan,610500,14,0,0
Yili,654000,14,0,1
Songjiang District,310117,14,0,1
Fangshan District,110111,14,0,0
Shijingshan District,433100,14,0,1
Meizhou,441400,14,0,7
Yuxi,530400,14,0,3
Hedong District,120102,14,1,4
Shizhu Tujia Autonomous County,500240,14,0,5
Baoji,610300,13,0,7
Wuxi County,500238,13,0,7
Qujing,530300,13,0,5
Changning District,310105,13,0,3
Yangjiang,441700,13,0,5
Heihe,231100,13,0,0
Sanming,350400,13,0,3
Panzhihua,510400,13,0,9
Maoming,440900,13,0,3
Dali,532900,13,0,5
Chuzhou,341100,13,0,7
Puyang,410900,13,0,1
Mudanjiang,231000,12,0,1
Tianshui,620500,12,0,6
Jinzhou,210700,12,0,6
Suqian,321300,12,0,6
Qingyuan,441800,12,0,7
Dongcheng District,110101,12,0,0
Zhenjiang,321100,12,0,2
Hebei District,120105,12,0,3
Datong,140200,12,0,4
Huludao,211400,11,1,0
Putuo District,310107,11,0,0
Laibin,451300,11,0,0
Yibin,511500,11,0,6
Panjin,211100,11,0,0
Baotou,150200,11,0,0
Ordos,150600,11,0,2
Tongren,520600,10,0,6
Fengdu County,500230,10,0,1
Wushan County,500237,10,0,5
Suining,510900,10,0,4
Liangshan Yi Autonomous Prefecture,513400,10,0,4
Shunyi District,110113,10,0,0
Zhoushan,330900,10,0,5
Huzhou,330500,10,0,4
Liupanshui,520200,10,1,3
Shennongjia,429021,10,0,8
Dingxi,621100,9,0,3
Yangpu District,310110,9,0,1
Jiading District,310114,9,0,1
Huangshan,341000,9,0,1
Baoshan,530500,9,0,0
Qinhuangdao,130300,9,0,2
Pingliang,620800,9,0,1
Zigong,510300,9,0,2
Fengxian District,310120,9,0,1
Shaoguan,440200,8,0,3
Jieyang,445200,8,0,4
Changzhi,140400,8,0,0
Bishan District,500120,8,0,3
Guigang,450800,8,0,2
Meishan,511400,8,0,2
Chengmai County,469023,8,1,1
Honghe,532500,8,0,3
Jincheng,140500,8,0,2
Gannan,623000,8,0,1
Hengshui,131100,8,0,4
Fuxin,210900,8,0,0
Qinzhou,450700,8,0,0
Tongliang District,500151,8,0,1
Yan'an,610600,8,0,6
Tongchuan,610200,8,0,4
Rongchang District,500153,8,0,0
Shapingba District,500106,8,0,0
Sanmenxia,411200,7,0,4
Miyun District,110118,7,0,0
Huairou District,110116,7,0,0
Tieling,211200,7,0,1
Hongkou District,310109,7,0,2
Shangluo,611000,7,0,1
Chengde,130800,7,0,3
Changjiang Li Autonomous County,469026,7,0,0
Dandong,210600,7,0,4
Lijiang,530700,7,0,2
Ya'an,511800,7,0,2
Xinzhou,140900,7,0,0
Shuozhou,140600,7,0,2
Chifeng,150400,7,0,2
Dadukou District,500104,7,0,4
Hohhot,150100,7,0,0
Huangpu District,310101,6,0,1
Chaoyang,211300,6,0,2
Tongliao,150500,6,0,0
Bayannur,150800,6,0,0
Hulunbuir,150700,6,0,1
Gongzhuling,220381,6,0,2
Lüliang,141100,6,0,5
Heping District,120101,6,0,2
Nankai District,120104,6,0,0
Liaoyuan,220400,6,0,1
Lingao County,469024,6,0,3
Beichen District,120113,6,0,1
Qionghai,469002,6,1,1
Longyan,350800,6,0,1
Banan District,500113,6,0,1
Guangyuan,510800,6,0,2
Xuancheng,341800,6,0,4
Hegang,230400,5,0,2
Zhangjiajie,430800,5,0,3
Shanwei,441500,5,0,1
Yongchuan District,500118,5,0,1
Chaozhou,445100,5,0,0
Wuzhou,450400,5,0,5
Linguolexi,152500,5,0,1
Dehong,533100,5,0,2
Jilin,220200,5,0,3
Yanbian,222400,5,0,2
Jingdezhen,360200,5,0,1
Qingpu District,310118,5,0,2
Guyuan,640400,5,0,2
Hezhou,451100,4,0,0
Liangping District,500155,4,0,2
Baiyin,620400,4,0,0
Changji,652300,4,0,0
Tacheng,654200,4,0,0
Jiangjin District,500116,4,0,1
Xiqing District,120111,4,0,2
Yangquan,140300,4,0,0
Hexi District,120103,4,0,2
Ninghe District,120117,4,0,0
Dongli District,120110,4,0,1
Chuxiong,532300,4,0,1
Pu'er,530800,4,0,0
Longnan,621200,4,0,1
Lingshui Li Autonomous County,469028,4,0,0
Anshun,520400,4,0,0
Anshan,210300,4,0,0
Jiyuan,419001,4,0,0
Linxia,622900,3,0,3
Ulanqab,150900,3,0,0
Chongming District,310151,3,0,0
Yulin,610800,3,0,1
Ding'an County,469021,3,1,1
Tonghua,220500,3,0,0
Wenchang,469005,3,0,1
Baoting Li and Miao Autonomous County,469029,3,0,0
Binhai New Area,120116,3,0,0
Haibei,632200,3,0,2
Liaoyang,211000,3,0,1
Jinshan District,310116,3,0,1
Leshan,511100,3,0,2
Zhongwei,640500,3,0,2
Dongfang,469007,3,0,1
Baise,451000,3,0,0
Benxi,210500,3,0,1
Qingyang,621000,3,0,1
Fuling District,500102,3,0,1
Heyuan,441600,3,0,1
Mentougou District,110109,3,0,0
Ziyang,512000,3,0,2
Chengkou County,500229,2,0,2
Zhangye,620700,2,0,2
Ledong Li Autonomous County,469027,2,0,0
Hongqiao District,120106,2,0,1
Pengshui Miao and Tujia Autonomous County,500243,2,0,0
Daxinganling,232700,2,0,0
Qianjiang Tujia and Miao Autonomous County,500114,2,0,2
Wuhai,150300,2,0,0
Wuqing District,120114,2,0,1
Songyuan,220700,2,0,1
Wenshan,532600,2,0,0
Linfen,141000,2,0,1
Shizuishan,640200,1,0,1
Youyang Tujia and Miao Autonomous County,500242,1,0,0
Jinnan District,120112,1,0,0
Yingkou,210800,1,0,1
Wulong District,500156,1,0,0
Xiushan Tujia and Miao Autonomous County,500241,1,0,1
Ngawa Tibetan and Qiang Autonomous Prefecture,513200,1,0,0
Yanqing District,110119,1,0,0
Qiongzhong Li and Miao Autonomous County,469030,1,0,1
Hancheng,610581,1,0,0
Yichun,230700,1,0,0
Baicheng,220800,1,0,0
Jinchang,620300,1,0,1
Lincang,530900,1,0,0
Xinganmeng,152200,1,0,0
Turpan,650400,1,0,1
Akesu,652900,1,0,1
Meihekou,220581,1,0,1
Lhasa,540100,1,0,1
